sample	decoy	interface	label	complex_score_REU	dG_separated	dSASA_int_A2	delta_unsatHbonds	packstat	nres_int	nres_third_contact
WT	0	A_B	FBXO7-PINK1	-2889.1841	-105.9306	7070.21	87	0.4968	254	0
WT	0	A_C	FBXO7-PSMF1	-2889.1841	-165.3935	8407.67	55	0.445	295	0
WT	1	A_B	FBXO7-PINK1	-2905.3952	-107.8183	6900.58	88	0.4854	254	0
WT	1	A_C	FBXO7-PSMF1	-2905.3952	-167.2402	8500.9	59	0.4159	295	0
WT	2	A_B	FBXO7-PINK1	-2906.3359	-116.0246	7146.07	88	0.504	253	0
WT	2	A_C	FBXO7-PSMF1	-2906.3359	-172.3557	8424.11	62	0.4225	294	0
WT	3	A_B	FBXO7-PINK1	-2899.4807	-111.8541	6914.83	74	0.5055	253	0
WT	3	A_C	FBXO7-PSMF1	-2899.4807	-169.8439	8311.52	65	0.4207	294	0
WT	4	A_B	FBXO7-PINK1	-2904.5189	-108.5083	6920.75	85	0.4934	256	0
WT	4	A_C	FBXO7-PSMF1	-2904.5189	-174.3836	8461.81	58	0.4116	293	0
WT	5	A_B	FBXO7-PINK1	-2897.5523	-112.4659	6944.42	69	0.5283	256	0
WT	5	A_C	FBXO7-PSMF1	-2897.5523	-177.9588	8583.51	65	0.445	295	0
WT	6	A_B	FBXO7-PINK1	-2897.1685	-109.3526	7020.19	95	0.5121	254	0
WT	6	A_C	FBXO7-PSMF1	-2897.1685	-169.3076	8345.01	66	0.4432	294	0
WT	7	A_B	FBXO7-PINK1	-2889.2151	-106.8312	6970.71	95	0.517	253	0
WT	7	A_C	FBXO7-PSMF1	-2889.2151	-174.2584	8482.5	57	0.4454	296	0
WT	8	A_B	FBXO7-PINK1	-2901.4338	-106.7676	7048.64	83	0.5205	253	0
WT	8	A_C	FBXO7-PSMF1	-2901.4338	-171.3278	8419.86	62	0.4183	296	0
WT	9	A_B	FBXO7-PINK1	-2909.7818	-110.0874	7044.23	79	0.53	253	0
WT	9	A_C	FBXO7-PSMF1	-2909.7818	-174.2844	8476.76	64	0.4498	295	0
WT	10	A_B	FBXO7-PINK1	-2898.1087	-105.1293	6921.14	79	0.511	255	0
WT	10	A_C	FBXO7-PSMF1	-2898.1087	-175.1087	8451.22	54	0.441	297	0
WT	11	A_B	FBXO7-PINK1	-2898.5476	-110.6143	6938.16	88	0.4996	253	0
WT	11	A_C	FBXO7-PSMF1	-2898.5476	-173.5252	8401.56	62	0.4241	294	0
WT	12	A_B	FBXO7-PINK1	-2912.7267	-110.8078	7083.27	90	0.5313	253	0
WT	12	A_C	FBXO7-PSMF1	-2912.7267	-172.9726	8359.43	47	0.4326	296	0
WT	13	A_B	FBXO7-PINK1	-2900.7068	-111.0533	7034.45	77	0.4951	255	0
WT	13	A_C	FBXO7-PSMF1	-2900.7068	-175.5422	8480.84	60	0.4125	295	0
WT	14	A_B	FBXO7-PINK1	-2900.2075	-113.2398	6955.43	83	0.5076	252	0
WT	14	A_C	FBXO7-PSMF1	-2900.2075	-173.8453	8436.1	62	0.4351	297	0
WT	15	A_B	FBXO7-PINK1	-2885.7917	-103.7056	7039.18	74	0.5152	254	0
WT	15	A_C	FBXO7-PSMF1	-2885.7917	-166.7756	8476.0	59	0.4205	295	0
WT	16	A_B	FBXO7-PINK1	-2891.9695	-110.5147	7042.09	97	0.513	253	0
WT	16	A_C	FBXO7-PSMF1	-2891.9695	-171.887	8544.51	55	0.4141	297	0
WT	17	A_B	FBXO7-PINK1	-2906.4334	-107.738	6971.16	76	0.5141	254	0
WT	17	A_C	FBXO7-PSMF1	-2906.4334	-169.7625	8363.75	63	0.3965	294	0
WT	18	A_B	FBXO7-PINK1	-2905.6527	-108.7109	6774.16	80	0.509	255	0
WT	18	A_C	FBXO7-PSMF1	-2905.6527	-175.1342	8352.16	60	0.4362	294	0
WT	19	A_B	FBXO7-PINK1	-2889.6232	-111.5271	6910.57	82	0.4687	254	0
WT	19	A_C	FBXO7-PSMF1	-2889.6232	-173.6954	8406.53	56	0.4407	299	0
WT	20	A_B	FBXO7-PINK1	-2890.3116	-103.7354	6885.49	79	0.5241	256	0
WT	20	A_C	FBXO7-PSMF1	-2890.3116	-172.1157	8425.0	53	0.4607	296	0
WT	21	A_B	FBXO7-PINK1	-2895.0111	-105.2962	6989.27	83	0.4998	259	0
WT	21	A_C	FBXO7-PSMF1	-2895.0111	-171.4313	8417.48	63	0.4171	295	0
WT	22	A_B	FBXO7-PINK1	-2893.0829	-108.1558	6968.57	89	0.4844	253	0
WT	22	A_C	FBXO7-PSMF1	-2893.0829	-176.4647	8490.88	64	0.4209	296	0
WT	23	A_B	FBXO7-PINK1	-2907.853	-108.3472	6909.1	83	0.4696	254	0
WT	23	A_C	FBXO7-PSMF1	-2907.853	-174.7924	8511.31	62	0.4257	298	0
WT	24	A_B	FBXO7-PINK1	-2899.235	-110.546	6958.59	81	0.5028	256	0
WT	24	A_C	FBXO7-PSMF1	-2899.235	-171.9195	8424.53	55	0.4291	295	0
T19E	0	A_B	FBXO7-PINK1	-2902.6327	-118.1202	7155.92	81	0.4601	258	0
T19E	0	A_C	FBXO7-PSMF1	-2902.6327	-165.8381	8567.09	62	0.4768	284	0
T19E	1	A_B	FBXO7-PINK1	-2906.5124	-120.2851	7083.1	77	0.4773	259	0
T19E	1	A_C	FBXO7-PSMF1	-2906.5124	-168.492	8524.65	64	0.4744	288	0
T19E	2	A_B	FBXO7-PINK1	-2917.3374	-114.2262	7144.27	75	0.4232	257	0
T19E	2	A_C	FBXO7-PSMF1	-2917.3374	-175.6776	8574.4	67	0.4733	285	0
T19E	3	A_B	FBXO7-PINK1	-2914.3382	-113.0041	7195.35	80	0.4354	258	0
T19E	3	A_C	FBXO7-PSMF1	-2914.3382	-176.434	8569.38	72	0.4735	285	0
T19E	4	A_B	FBXO7-PINK1	-2915.9353	-117.0884	7058.95	72	0.453	255	0
T19E	4	A_C	FBXO7-PSMF1	-2915.9353	-177.7497	8458.39	83	0.4771	286	0
T19E	5	A_B	FBXO7-PINK1	-2913.5109	-118.6469	7082.67	72	0.444	257	0
T19E	5	A_C	FBXO7-PSMF1	-2913.5109	-173.8139	8573.1	68	0.4865	285	0
T19E	6	A_B	FBXO7-PINK1	-2918.8857	-117.0219	7128.76	71	0.4552	256	0
T19E	6	A_C	FBXO7-PSMF1	-2918.8857	-177.9634	8482.2	68	0.4512	287	0
T19E	7	A_B	FBXO7-PINK1	-2904.9173	-113.641	7177.4	78	0.4485	259	0
T19E	7	A_C	FBXO7-PSMF1	-2904.9173	-174.701	8409.24	59	0.4749	289	0
T19E	8	A_B	FBXO7-PINK1	-2897.1315	-116.6526	7118.98	80	0.4715	256	0
T19E	8	A_C	FBXO7-PSMF1	-2897.1315	-166.8265	8520.43	61	0.4748	286	0
T19E	9	A_B	FBXO7-PINK1	-2917.1785	-114.3406	7144.3	92	0.432	255	0
T19E	9	A_C	FBXO7-PSMF1	-2917.1785	-180.3623	8597.51	74	0.4625	287	0
T19E	10	A_B	FBXO7-PINK1	-2890.9327	-113.6244	7105.3	79	0.4603	258	0
T19E	10	A_C	FBXO7-PSMF1	-2890.9327	-177.4329	8398.93	64	0.4715	288	0
T19E	11	A_B	FBXO7-PINK1	-2907.8185	-114.9457	7170.62	78	0.448	254	0
T19E	11	A_C	FBXO7-PSMF1	-2907.8185	-169.2088	8497.05	58	0.459	286	0
T19E	12	A_B	FBXO7-PINK1	-2912.1225	-118.1642	7167.2	76	0.4841	255	0
T19E	12	A_C	FBXO7-PSMF1	-2912.1225	-174.4774	8427.06	65	0.4491	285	0
T19E	13	A_B	FBXO7-PINK1	-2911.4247	-116.8702	7136.92	72	0.4114	258	0
T19E	13	A_C	FBXO7-PSMF1	-2911.4247	-172.8303	8422.71	69	0.5083	288	0
T19E	14	A_B	FBXO7-PINK1	-2899.44	-119.9381	7103.25	88	0.4324	257	0
T19E	14	A_C	FBXO7-PSMF1	-2899.44	-164.4984	8434.91	62	0.473	286	0
T19E	15	A_B	FBXO7-PINK1	-2919.0605	-123.7691	7132.05	67	0.4457	256	0
T19E	15	A_C	FBXO7-PSMF1	-2919.0605	-177.361	8517.25	69	0.4614	284	0
T19E	16	A_B	FBXO7-PINK1	-2916.8837	-119.251	7137.93	77	0.4589	256	0
T19E	16	A_C	FBXO7-PSMF1	-2916.8837	-167.6973	8680.71	68	0.502	289	0
T19E	17	A_B	FBXO7-PINK1	-2911.9667	-113.4069	7084.96	67	0.4871	257	0
T19E	17	A_C	FBXO7-PSMF1	-2911.9667	-167.8172	8583.16	63	0.4638	286	0
T19E	18	A_B	FBXO7-PINK1	-2902.9682	-109.3414	7112.99	81	0.4656	255	0
T19E	18	A_C	FBXO7-PSMF1	-2902.9682	-171.3264	8440.33	65	0.4591	287	0
T19E	19	A_B	FBXO7-PINK1	-2899.6414	-112.9749	7058.2	79	0.4788	257	0
T19E	19	A_C	FBXO7-PSMF1	-2899.6414	-172.9726	8515.74	67	0.4236	289	0
T19E	20	A_B	FBXO7-PINK1	-2907.9464	-116.4118	7117.6	77	0.4184	256	0
T19E	20	A_C	FBXO7-PSMF1	-2907.9464	-171.8779	8541.84	63	0.4704	284	0
T19E	21	A_B	FBXO7-PINK1	-2902.5373	-113.7251	7169.16	90	0.443	256	0
T19E	21	A_C	FBXO7-PSMF1	-2902.5373	-173.0327	8407.56	65	0.451	288	0
T19E	22	A_B	FBXO7-PINK1	-2916.2429	-118.8633	7134.59	74	0.4518	258	0
T19E	22	A_C	FBXO7-PSMF1	-2916.2429	-173.6093	8565.14	64	0.4465	288	0
T19E	23	A_B	FBXO7-PINK1	-2912.8431	-119.0219	7201.16	77	0.4451	258	0
T19E	23	A_C	FBXO7-PSMF1	-2912.8431	-173.7907	8358.73	62	0.4635	288	0
T19E	24	A_B	FBXO7-PINK1	-2911.9663	-116.5189	7084.19	75	0.4354	256	0
T19E	24	A_C	FBXO7-PSMF1	-2911.9663	-171.2112	8520.03	57	0.4769	287	0
T47A	0	A_B	FBXO7-PINK1	-2893.5638	-118.2762	7182.64	79	0.4603	252	0
T47A	0	A_C	FBXO7-PSMF1	-2893.5638	-171.6887	8593.33	73	0.4645	293	0
T47A	1	A_B	FBXO7-PINK1	-2896.068	-118.3119	7090.24	73	0.4489	253	0
T47A	1	A_C	FBXO7-PSMF1	-2896.068	-164.5359	8621.17	70	0.4835	294	0
T47A	2	A_B	FBXO7-PINK1	-2895.2436	-126.344	7044.78	75	0.4735	254	0
T47A	2	A_C	FBXO7-PSMF1	-2895.2436	-167.519	8542.27	69	0.518	293	0
T47A	3	A_B	FBXO7-PINK1	-2879.2551	-115.3999	7067.99	69	0.4526	253	0
T47A	3	A_C	FBXO7-PSMF1	-2879.2551	-166.9828	8569.03	61	0.4817	293	0
T47A	4	A_B	FBXO7-PINK1	-2910.8668	-119.5006	7075.01	73	0.4622	254	0
T47A	4	A_C	FBXO7-PSMF1	-2910.8668	-179.8595	8589.19	64	0.4636	294	0
T47A	5	A_B	FBXO7-PINK1	-2902.1889	-121.4428	7315.45	76	0.4685	253	0
T47A	5	A_C	FBXO7-PSMF1	-2902.1889	-167.2298	8436.95	67	0.4243	294	0
T47A	6	A_B	FBXO7-PINK1	-2909.4503	-118.5372	7195.24	69	0.5001	253	0
T47A	6	A_C	FBXO7-PSMF1	-2909.4503	-175.1225	8508.96	78	0.444	297	0
T47A	7	A_B	FBXO7-PINK1	-2888.2352	-109.6507	7017.01	70	0.4639	253	0
T47A	7	A_C	FBXO7-PSMF1	-2888.2352	-168.8535	8488.97	83	0.4605	295	0
T47A	8	A_B	FBXO7-PINK1	-2903.1264	-121.1003	7183.43	74	0.4278	254	0
T47A	8	A_C	FBXO7-PSMF1	-2903.1264	-168.9175	8595.14	63	0.4725	292	0
T47A	9	A_B	FBXO7-PINK1	-2906.4511	-117.7774	7120.72	64	0.4976	254	0
T47A	9	A_C	FBXO7-PSMF1	-2906.4511	-172.7141	8607.25	74	0.443	294	0
T47A	10	A_B	FBXO7-PINK1	-2897.0563	-119.5676	7151.48	80	0.447	253	0
T47A	10	A_C	FBXO7-PSMF1	-2897.0563	-169.9602	8571.2	66	0.4865	294	0
T47A	11	A_B	FBXO7-PINK1	-2891.8805	-114.2645	7100.78	79	0.4372	254	0
T47A	11	A_C	FBXO7-PSMF1	-2891.8805	-166.0374	8543.22	62	0.4629	295	0
T47A	12	A_B	FBXO7-PINK1	-2895.673	-118.9415	7145.02	69	0.4869	252	0
T47A	12	A_C	FBXO7-PSMF1	-2895.673	-177.8966	8598.85	65	0.4583	297	0
T47A	13	A_B	FBXO7-PINK1	-2904.7453	-118.5245	7146.25	65	0.4518	251	0
T47A	13	A_C	FBXO7-PSMF1	-2904.7453	-179.8861	8633.75	84	0.4606	295	0
T47A	14	A_B	FBXO7-PINK1	-2893.076	-119.7589	7072.57	71	0.5038	253	0
T47A	14	A_C	FBXO7-PSMF1	-2893.076	-175.5613	8677.13	81	0.4684	294	0
T47A	15	A_B	FBXO7-PINK1	-2911.6748	-125.0474	7226.49	62	0.4386	253	0
T47A	15	A_C	FBXO7-PSMF1	-2911.6748	-171.0626	8553.51	64	0.4857	295	0
T47A	16	A_B	FBXO7-PINK1	-2891.0381	-121.7372	7255.85	67	0.4731	253	0
T47A	16	A_C	FBXO7-PSMF1	-2891.0381	-175.6918	8620.91	74	0.4521	292	0
T47A	17	A_B	FBXO7-PINK1	-2895.9719	-117.3737	7136.31	75	0.4551	251	0
T47A	17	A_C	FBXO7-PSMF1	-2895.9719	-175.828	8528.06	64	0.5101	293	0
T47A	18	A_B	FBXO7-PINK1	-2903.8765	-117.2507	7112.53	69	0.4664	254	0
T47A	18	A_C	FBXO7-PSMF1	-2903.8765	-176.7231	8632.66	69	0.4611	294	0
T47A	19	A_B	FBXO7-PINK1	-2906.114	-121.0738	7146.35	67	0.4246	252	0
T47A	19	A_C	FBXO7-PSMF1	-2906.114	-175.2003	8640.65	63	0.4579	294	0
T47A	20	A_B	FBXO7-PINK1	-2899.666	-125.6049	7227.57	76	0.4767	254	0
T47A	20	A_C	FBXO7-PSMF1	-2899.666	-170.733	8632.03	70	0.4703	290	0
T47A	21	A_B	FBXO7-PINK1	-2898.1012	-115.6105	7008.6	63	0.431	254	0
T47A	21	A_C	FBXO7-PSMF1	-2898.1012	-174.0884	8620.99	69	0.4697	294	0
T47A	22	A_B	FBXO7-PINK1	-2905.7898	-121.2418	7203.18	74	0.4318	254	0
T47A	22	A_C	FBXO7-PSMF1	-2905.7898	-173.4755	8671.63	71	0.463	292	0
T47A	23	A_B	FBXO7-PINK1	-2893.7401	-119.4895	7179.53	66	0.467	253	0
T47A	23	A_C	FBXO7-PSMF1	-2893.7401	-169.185	8390.31	68	0.4597	294	0
T47A	24	A_B	FBXO7-PINK1	-2894.372	-110.2475	7185.4	70	0.4351	253	0
T47A	24	A_C	FBXO7-PSMF1	-2894.372	-172.3368	8682.78	73	0.4381	293	0
T47E	0	A_B	FBXO7-PINK1	-2891.7212	-119.0748	6961.34	76	0.4348	258	0
T47E	0	A_C	FBXO7-PSMF1	-2891.7212	-171.2765	8473.5	60	0.4364	294	0
T47E	1	A_B	FBXO7-PINK1	-2892.07	-114.1458	6989.97	67	0.4766	259	0
T47E	1	A_C	FBXO7-PSMF1	-2892.07	-166.7853	8390.51	67	0.4674	296	0
T47E	2	A_B	FBXO7-PINK1	-2899.7541	-118.6656	6947.4	73	0.4495	258	0
T47E	2	A_C	FBXO7-PSMF1	-2899.7541	-164.3377	8483.27	78	0.4296	295	0
T47E	3	A_B	FBXO7-PINK1	-2897.5149	-116.5078	7019.97	73	0.447	258	0
T47E	3	A_C	FBXO7-PSMF1	-2897.5149	-170.9123	8495.21	63	0.4591	293	0
T47E	4	A_B	FBXO7-PINK1	-2895.2746	-118.6571	7037.57	75	0.4382	260	0
T47E	4	A_C	FBXO7-PSMF1	-2895.2746	-171.8451	8558.49	66	0.447	295	0
T47E	5	A_B	FBXO7-PINK1	-2885.4517	-116.4276	6952.06	79	0.4504	258	0
T47E	5	A_C	FBXO7-PSMF1	-2885.4517	-159.8759	8457.95	59	0.4281	294	0
T47E	6	A_B	FBXO7-PINK1	-2895.6607	-114.8267	6926.52	72	0.4378	261	0
T47E	6	A_C	FBXO7-PSMF1	-2895.6607	-161.2947	8548.24	63	0.4403	293	0
T47E	7	A_B	FBXO7-PINK1	-2895.1124	-118.8046	6880.99	66	0.48	257	0
T47E	7	A_C	FBXO7-PSMF1	-2895.1124	-169.1377	8390.21	56	0.4274	296	0
T47E	8	A_B	FBXO7-PINK1	-2888.1776	-118.0444	6938.7	75	0.4569	259	0
T47E	8	A_C	FBXO7-PSMF1	-2888.1776	-160.9338	8389.66	68	0.4395	292	0
T47E	9	A_B	FBXO7-PINK1	-2890.9009	-112.2968	6818.82	69	0.464	258	0
T47E	9	A_C	FBXO7-PSMF1	-2890.9009	-166.7036	8376.52	67	0.4231	293	0
T47E	10	A_B	FBXO7-PINK1	-2883.7379	-111.1904	6859.99	77	0.4334	261	0
T47E	10	A_C	FBXO7-PSMF1	-2883.7379	-165.0548	8523.44	62	0.4675	295	0
T47E	11	A_B	FBXO7-PINK1	-2879.5012	-114.8013	6954.52	80	0.4528	259	0
T47E	11	A_C	FBXO7-PSMF1	-2879.5012	-169.7204	8501.09	72	0.451	294	0
T47E	12	A_B	FBXO7-PINK1	-2888.7932	-118.5346	7012.67	69	0.4829	259	0
T47E	12	A_C	FBXO7-PSMF1	-2888.7932	-168.3498	8536.32	68	0.446	293	0
T47E	13	A_B	FBXO7-PINK1	-2884.3331	-110.6484	6884.0	88	0.4577	258	0
T47E	13	A_C	FBXO7-PSMF1	-2884.3331	-170.0973	8612.13	61	0.4324	294	0
T47E	14	A_B	FBXO7-PINK1	-2889.1456	-112.1053	6848.94	71	0.4628	258	0
T47E	14	A_C	FBXO7-PSMF1	-2889.1456	-160.1542	8500.78	70	0.4055	295	0
T47E	15	A_B	FBXO7-PINK1	-2889.5776	-119.0365	7081.28	79	0.4382	258	0
T47E	15	A_C	FBXO7-PSMF1	-2889.5776	-171.6175	8511.75	58	0.4359	293	0
T47E	16	A_B	FBXO7-PINK1	-2891.6836	-115.9123	7044.83	72	0.3762	259	0
T47E	16	A_C	FBXO7-PSMF1	-2891.6836	-161.4869	8319.32	60	0.4376	294	0
T47E	17	A_B	FBXO7-PINK1	-2883.589	-118.2065	6898.72	76	0.4752	260	0
T47E	17	A_C	FBXO7-PSMF1	-2883.589	-164.488	8444.67	63	0.4442	295	0
T47E	18	A_B	FBXO7-PINK1	-2885.6589	-112.3864	6978.25	81	0.4687	261	0
T47E	18	A_C	FBXO7-PSMF1	-2885.6589	-157.8781	8432.19	60	0.4264	294	0
T47E	19	A_B	FBXO7-PINK1	-2889.0677	-116.9214	6830.17	68	0.4309	258	0
T47E	19	A_C	FBXO7-PSMF1	-2889.0677	-171.9926	8509.0	58	0.4605	293	0
T47E	20	A_B	FBXO7-PINK1	-2896.7498	-115.4573	6819.61	71	0.4805	258	0
T47E	20	A_C	FBXO7-PSMF1	-2896.7498	-169.7353	8493.16	68	0.4629	293	0
T47E	21	A_B	FBXO7-PINK1	-2877.6055	-116.5387	6957.08	69	0.4315	256	0
T47E	21	A_C	FBXO7-PSMF1	-2877.6055	-163.4215	8324.69	71	0.4345	293	0
T47E	22	A_B	FBXO7-PINK1	-2885.8507	-115.9652	6806.24	71	0.4717	257	0
T47E	22	A_C	FBXO7-PSMF1	-2885.8507	-172.3294	8354.56	62	0.4402	294	0
T47E	23	A_B	FBXO7-PINK1	-2872.9555	-115.6411	7026.44	74	0.3998	256	0
T47E	23	A_C	FBXO7-PSMF1	-2872.9555	-162.114	8401.31	57	0.4433	292	0
T47E	24	A_B	FBXO7-PINK1	-2885.4114	-114.9431	6865.65	72	0.4588	257	0
T47E	24	A_C	FBXO7-PSMF1	-2885.4114	-163.3525	8377.11	80	0.4519	295	0
A64T	0	A_B	FBXO7-PINK1	-2889.1799	-117.6415	7046.9	78	0.5434	255	0
A64T	0	A_C	FBXO7-PSMF1	-2889.1799	-175.7225	8413.37	58	0.4119	290	0
A64T	1	A_B	FBXO7-PINK1	-2901.6879	-109.1669	6895.86	68	0.5376	256	0
A64T	1	A_C	FBXO7-PSMF1	-2901.6879	-181.9512	8373.17	67	0.4226	291	0
A64T	2	A_B	FBXO7-PINK1	-2899.2021	-115.4225	6981.33	72	0.5595	257	0
A64T	2	A_C	FBXO7-PSMF1	-2899.2021	-177.4571	8402.64	69	0.403	289	0
A64T	3	A_B	FBXO7-PINK1	-2898.9633	-114.6889	6923.11	60	0.5144	257	0
A64T	3	A_C	FBXO7-PSMF1	-2898.9633	-179.4168	8444.15	73	0.4296	288	0
A64T	4	A_B	FBXO7-PINK1	-2906.2398	-113.2291	7084.58	59	0.5278	259	0
A64T	4	A_C	FBXO7-PSMF1	-2906.2398	-174.7746	8454.87	67	0.4225	288	0
A64T	5	A_B	FBXO7-PINK1	-2894.6124	-117.0764	6949.32	59	0.5055	260	0
A64T	5	A_C	FBXO7-PSMF1	-2894.6124	-178.134	8535.0	62	0.4036	287	0
A64T	6	A_B	FBXO7-PINK1	-2917.2322	-115.8989	7040.86	68	0.5085	259	0
A64T	6	A_C	FBXO7-PSMF1	-2917.2322	-183.0994	8554.17	66	0.4275	287	0
A64T	7	A_B	FBXO7-PINK1	-2903.2102	-118.1625	6873.54	74	0.5642	258	0
A64T	7	A_C	FBXO7-PSMF1	-2903.2102	-175.1291	8487.51	71	0.3993	290	0
A64T	8	A_B	FBXO7-PINK1	-2905.1137	-115.5537	6975.9	53	0.5009	259	0
A64T	8	A_C	FBXO7-PSMF1	-2905.1137	-176.7491	8392.53	61	0.4313	291	0
A64T	9	A_B	FBXO7-PINK1	-2899.8821	-111.1673	6953.1	62	0.5249	259	0
A64T	9	A_C	FBXO7-PSMF1	-2899.8821	-179.2025	8498.65	65	0.4004	289	0
A64T	10	A_B	FBXO7-PINK1	-2891.8119	-114.173	6935.0	72	0.5144	256	0
A64T	10	A_C	FBXO7-PSMF1	-2891.8119	-182.6019	8582.76	64	0.428	287	0
A64T	11	A_B	FBXO7-PINK1	-2897.2628	-120.2654	7032.94	68	0.5078	259	0
A64T	11	A_C	FBXO7-PSMF1	-2897.2628	-175.2339	8449.01	71	0.4022	290	0
A64T	12	A_B	FBXO7-PINK1	-2888.9845	-106.6967	6904.81	65	0.524	259	0
A64T	12	A_C	FBXO7-PSMF1	-2888.9845	-179.9818	8429.75	59	0.417	289	0
A64T	13	A_B	FBXO7-PINK1	-2914.7049	-112.6735	6944.66	74	0.5357	256	0
A64T	13	A_C	FBXO7-PSMF1	-2914.7049	-177.7512	8406.16	64	0.4363	289	0
A64T	14	A_B	FBXO7-PINK1	-2889.973	-118.404	7150.25	65	0.5361	257	0
A64T	14	A_C	FBXO7-PSMF1	-2889.973	-168.0951	8336.16	61	0.4337	291	0
A64T	15	A_B	FBXO7-PINK1	-2883.1852	-114.4595	6894.55	69	0.4999	256	0
A64T	15	A_C	FBXO7-PSMF1	-2883.1852	-175.2749	8523.99	68	0.4262	288	0
A64T	16	A_B	FBXO7-PINK1	-2899.3126	-112.8758	6967.51	64	0.5301	256	0
A64T	16	A_C	FBXO7-PSMF1	-2899.3126	-176.8586	8512.72	52	0.4555	291	0
A64T	17	A_B	FBXO7-PINK1	-2897.7562	-117.1205	6911.0	62	0.5326	259	0
A64T	17	A_C	FBXO7-PSMF1	-2897.7562	-182.1174	8370.07	66	0.412	288	0
A64T	18	A_B	FBXO7-PINK1	-2895.2245	-115.1688	6947.08	83	0.5783	261	0
A64T	18	A_C	FBXO7-PSMF1	-2895.2245	-183.5334	8546.99	77	0.4039	288	0
A64T	19	A_B	FBXO7-PINK1	-2906.5455	-109.7916	7018.07	60	0.5503	256	0
A64T	19	A_C	FBXO7-PSMF1	-2906.5455	-175.329	8484.3	68	0.4078	289	0
A64T	20	A_B	FBXO7-PINK1	-2909.8745	-118.0181	6988.32	76	0.5315	257	0
A64T	20	A_C	FBXO7-PSMF1	-2909.8745	-183.0659	8509.02	68	0.4721	288	0
A64T	21	A_B	FBXO7-PINK1	-2903.4468	-111.03	6886.86	66	0.5592	259	0
A64T	21	A_C	FBXO7-PSMF1	-2903.4468	-182.3791	8554.9	67	0.4406	290	0
A64T	22	A_B	FBXO7-PINK1	-2879.0002	-121.5552	6874.87	72	0.5387	258	0
A64T	22	A_C	FBXO7-PSMF1	-2879.0002	-175.8445	8520.94	64	0.4261	289	0
A64T	23	A_B	FBXO7-PINK1	-2887.5918	-117.7589	6956.71	64	0.541	258	0
A64T	23	A_C	FBXO7-PSMF1	-2887.5918	-176.3728	8489.0	66	0.4045	287	0
A64T	24	A_B	FBXO7-PINK1	-2888.1429	-112.1847	6934.05	76	0.538	258	0
A64T	24	A_C	FBXO7-PSMF1	-2888.1429	-176.3759	8453.31	79	0.4339	289	0
S109P	0	A_B	FBXO7-PINK1	-2882.5628	-117.9318	6958.34	75	0.4882	255	0
S109P	0	A_C	FBXO7-PSMF1	-2882.5628	-172.0884	8482.72	81	0.4531	302	0
S109P	1	A_B	FBXO7-PINK1	-2887.3601	-119.0644	6982.4	68	0.4856	254	0
S109P	1	A_C	FBXO7-PSMF1	-2887.3601	-171.5206	8560.31	81	0.4506	300	0
S109P	2	A_B	FBXO7-PINK1	-2888.1868	-122.6013	7052.51	84	0.5231	254	0
S109P	2	A_C	FBXO7-PSMF1	-2888.1868	-173.349	8452.39	84	0.4358	302	0
S109P	3	A_B	FBXO7-PINK1	-2892.3477	-119.9162	7049.49	75	0.4743	253	0
S109P	3	A_C	FBXO7-PSMF1	-2892.3477	-173.8601	8547.64	81	0.4075	301	0
S109P	4	A_B	FBXO7-PINK1	-2881.3723	-119.7284	6964.92	73	0.459	256	0
S109P	4	A_C	FBXO7-PSMF1	-2881.3723	-167.2072	8493.39	71	0.4682	299	0
S109P	5	A_B	FBXO7-PINK1	-2892.2828	-120.2676	6911.76	80	0.4887	253	0
S109P	5	A_C	FBXO7-PSMF1	-2892.2828	-176.3778	8569.11	89	0.4534	302	0
S109P	6	A_B	FBXO7-PINK1	-2889.5312	-121.264	7046.19	86	0.4875	255	0
S109P	6	A_C	FBXO7-PSMF1	-2889.5312	-176.8747	8394.12	82	0.4633	304	0
S109P	7	A_B	FBXO7-PINK1	-2873.7474	-118.7439	6988.21	81	0.4564	252	0
S109P	7	A_C	FBXO7-PSMF1	-2873.7474	-173.3978	8643.16	81	0.4464	299	0
S109P	8	A_B	FBXO7-PINK1	-2885.0803	-119.5836	7030.74	78	0.453	253	0
S109P	8	A_C	FBXO7-PSMF1	-2885.0803	-171.6793	8423.52	89	0.4614	304	0
S109P	9	A_B	FBXO7-PINK1	-2887.333	-118.3997	6926.2	65	0.4628	255	0
S109P	9	A_C	FBXO7-PSMF1	-2887.333	-173.1263	8583.5	85	0.4712	298	0
S109P	10	A_B	FBXO7-PINK1	-2892.5673	-121.0597	7018.54	82	0.462	256	0
S109P	10	A_C	FBXO7-PSMF1	-2892.5673	-175.1292	8519.71	89	0.432	301	0
S109P	11	A_B	FBXO7-PINK1	-2886.7509	-120.9792	6902.79	72	0.5126	254	0
S109P	11	A_C	FBXO7-PSMF1	-2886.7509	-169.0295	8621.5	72	0.4498	298	0
S109P	12	A_B	FBXO7-PINK1	-2891.3959	-121.1337	6998.84	78	0.4982	257	0
S109P	12	A_C	FBXO7-PSMF1	-2891.3959	-174.2504	8613.52	88	0.4422	303	0
S109P	13	A_B	FBXO7-PINK1	-2887.6262	-119.368	6931.49	71	0.4582	255	0
S109P	13	A_C	FBXO7-PSMF1	-2887.6262	-175.9609	8564.25	89	0.4444	299	0
S109P	14	A_B	FBXO7-PINK1	-2892.755	-121.7025	7059.54	83	0.512	253	0
S109P	14	A_C	FBXO7-PSMF1	-2892.755	-175.4699	8611.89	78	0.4128	302	0
S109P	15	A_B	FBXO7-PINK1	-2879.596	-117.3197	7011.04	69	0.4903	253	0
S109P	15	A_C	FBXO7-PSMF1	-2879.596	-171.9003	8520.62	84	0.4383	302	0
S109P	16	A_B	FBXO7-PINK1	-2888.3947	-123.7493	7015.66	74	0.4787	254	0
S109P	16	A_C	FBXO7-PSMF1	-2888.3947	-180.7112	8568.65	79	0.4474	301	0
S109P	17	A_B	FBXO7-PINK1	-2893.7978	-120.7746	6964.3	76	0.4869	253	0
S109P	17	A_C	FBXO7-PSMF1	-2893.7978	-169.6225	8612.4	75	0.4355	304	0
S109P	18	A_B	FBXO7-PINK1	-2880.5971	-120.4691	6965.61	69	0.4932	256	0
S109P	18	A_C	FBXO7-PSMF1	-2880.5971	-170.4848	8566.77	88	0.4229	301	0
S109P	19	A_B	FBXO7-PINK1	-2879.4966	-122.2127	6992.26	69	0.4827	254	0
S109P	19	A_C	FBXO7-PSMF1	-2879.4966	-171.4293	8490.97	87	0.4561	302	0
S109P	20	A_B	FBXO7-PINK1	-2883.6027	-117.9469	6957.7	83	0.4899	255	0
S109P	20	A_C	FBXO7-PSMF1	-2883.6027	-176.9031	8521.57	89	0.4551	301	0
S109P	21	A_B	FBXO7-PINK1	-2891.8536	-123.3409	7067.9	79	0.4865	253	0
S109P	21	A_C	FBXO7-PSMF1	-2891.8536	-172.3208	8518.26	86	0.4465	300	0
S109P	22	A_B	FBXO7-PINK1	-2890.6032	-117.2355	6941.39	71	0.4688	253	0
S109P	22	A_C	FBXO7-PSMF1	-2890.6032	-176.2231	8458.75	87	0.426	303	0
S109P	23	A_B	FBXO7-PINK1	-2890.6065	-119.3723	6981.56	70	0.4853	254	0
S109P	23	A_C	FBXO7-PSMF1	-2890.6065	-178.2761	8556.19	93	0.4298	300	0
S109P	24	A_B	FBXO7-PINK1	-2883.5973	-118.9288	7027.92	77	0.4879	255	0
S109P	24	A_C	FBXO7-PSMF1	-2883.5973	-175.6775	8526.0	88	0.4383	303	0
S110H	0	A_B	FBXO7-PINK1	-2909.5182	-115.1159	7130.34	70	0.4526	252	0
S110H	0	A_C	FBXO7-PSMF1	-2909.5182	-178.9172	8587.72	70	0.4531	302	0
S110H	1	A_B	FBXO7-PINK1	-2918.4752	-116.4894	7056.15	59	0.4701	255	0
S110H	1	A_C	FBXO7-PSMF1	-2918.4752	-180.0686	8534.39	72	0.4693	304	0
S110H	2	A_B	FBXO7-PINK1	-2903.3417	-117.7421	7099.4	66	0.4768	253	0
S110H	2	A_C	FBXO7-PSMF1	-2903.3417	-183.4594	8385.38	64	0.4741	302	0
S110H	3	A_B	FBXO7-PINK1	-2898.8752	-121.5951	7148.91	70	0.4748	257	0
S110H	3	A_C	FBXO7-PSMF1	-2898.8752	-177.9897	8547.17	68	0.4535	303	0
S110H	4	A_B	FBXO7-PINK1	-2895.4238	-124.4479	7190.5	70	0.487	253	0
S110H	4	A_C	FBXO7-PSMF1	-2895.4238	-182.2972	8551.1	65	0.4734	300	0
S110H	5	A_B	FBXO7-PINK1	-2894.1295	-120.9913	7170.44	68	0.4424	256	0
S110H	5	A_C	FBXO7-PSMF1	-2894.1295	-172.5788	8488.58	69	0.4587	301	0
S110H	6	A_B	FBXO7-PINK1	-2906.8312	-123.683	7239.3	76	0.5005	255	0
S110H	6	A_C	FBXO7-PSMF1	-2906.8312	-178.1585	8411.62	77	0.4568	298	0
S110H	7	A_B	FBXO7-PINK1	-2907.5262	-117.6919	7167.89	65	0.4921	254	0
S110H	7	A_C	FBXO7-PSMF1	-2907.5262	-177.3969	8519.13	72	0.4313	305	0
S110H	8	A_B	FBXO7-PINK1	-2912.8208	-119.0658	7075.13	74	0.4593	256	0
S110H	8	A_C	FBXO7-PSMF1	-2912.8208	-179.961	8485.35	65	0.4599	304	0
S110H	9	A_B	FBXO7-PINK1	-2908.3894	-113.7351	7144.41	68	0.4331	252	0
S110H	9	A_C	FBXO7-PSMF1	-2908.3894	-175.1092	8495.03	76	0.4722	300	0
S110H	10	A_B	FBXO7-PINK1	-2903.0141	-113.713	7107.53	71	0.493	254	0
S110H	10	A_C	FBXO7-PSMF1	-2903.0141	-179.7991	8527.6	73	0.4476	299	0
S110H	11	A_B	FBXO7-PINK1	-2904.0948	-113.1639	7082.68	66	0.4716	254	0
S110H	11	A_C	FBXO7-PSMF1	-2904.0948	-175.6658	8535.97	84	0.4499	303	0
S110H	12	A_B	FBXO7-PINK1	-2912.4927	-119.2461	7137.91	65	0.4319	254	0
S110H	12	A_C	FBXO7-PSMF1	-2912.4927	-177.2752	8553.9	72	0.4206	302	0
S110H	13	A_B	FBXO7-PINK1	-2904.8906	-118.0938	7070.44	74	0.4459	254	0
S110H	13	A_C	FBXO7-PSMF1	-2904.8906	-179.1288	8467.56	63	0.4731	301	0
S110H	14	A_B	FBXO7-PINK1	-2905.5657	-119.1809	7078.1	69	0.4653	255	0
S110H	14	A_C	FBXO7-PSMF1	-2905.5657	-179.4305	8518.39	72	0.4695	299	0
S110H	15	A_B	FBXO7-PINK1	-2899.3238	-113.6681	7113.24	67	0.4468	255	0
S110H	15	A_C	FBXO7-PSMF1	-2899.3238	-179.219	8542.64	67	0.4574	303	0
S110H	16	A_B	FBXO7-PINK1	-2908.7551	-114.4398	7157.54	74	0.4866	253	0
S110H	16	A_C	FBXO7-PSMF1	-2908.7551	-181.3656	8568.85	76	0.4832	299	0
S110H	17	A_B	FBXO7-PINK1	-2903.7215	-118.12	7149.72	61	0.4622	253	0
S110H	17	A_C	FBXO7-PSMF1	-2903.7215	-169.3765	8496.53	75	0.4124	298	0
S110H	18	A_B	FBXO7-PINK1	-2904.5251	-117.7784	7139.03	64	0.4854	254	0
S110H	18	A_C	FBXO7-PSMF1	-2904.5251	-180.0552	8511.06	67	0.4401	304	0
S110H	19	A_B	FBXO7-PINK1	-2900.7044	-122.3596	7149.03	79	0.4811	254	0
S110H	19	A_C	FBXO7-PSMF1	-2900.7044	-174.8927	8599.31	76	0.4411	298	0
S110H	20	A_B	FBXO7-PINK1	-2912.2794	-118.5563	7140.13	68	0.483	255	0
S110H	20	A_C	FBXO7-PSMF1	-2912.2794	-181.7803	8608.28	75	0.451	300	0
S110H	21	A_B	FBXO7-PINK1	-2908.829	-117.0894	7030.18	69	0.4507	254	0
S110H	21	A_C	FBXO7-PSMF1	-2908.829	-180.3303	8586.38	66	0.4502	299	0
S110H	22	A_B	FBXO7-PINK1	-2892.7474	-114.6826	7090.17	67	0.5016	255	0
S110H	22	A_C	FBXO7-PSMF1	-2892.7474	-175.2736	8479.04	76	0.4682	301	0
S110H	23	A_B	FBXO7-PINK1	-2903.6494	-116.9318	7081.12	71	0.4818	256	0
S110H	23	A_C	FBXO7-PSMF1	-2903.6494	-175.7668	8495.31	76	0.4544	300	0
S110H	24	A_B	FBXO7-PINK1	-2904.91	-119.1634	7128.93	65	0.4422	256	0
S110H	24	A_C	FBXO7-PSMF1	-2904.91	-184.0597	8609.78	78	0.4293	302	0
S110C	0	A_B	FBXO7-PINK1	-2876.5818	-101.8941	7023.39	85	0.4902	257	0
S110C	0	A_C	FBXO7-PSMF1	-2876.5818	-170.9102	8171.82	80	0.4575	282	0
S110C	1	A_B	FBXO7-PINK1	-2876.0891	-100.6756	7117.6	84	0.4891	257	0
S110C	1	A_C	FBXO7-PSMF1	-2876.0891	-168.7703	8250.8	78	0.4557	282	0
S110C	2	A_B	FBXO7-PINK1	-2874.5672	-101.7926	6944.68	84	0.4887	256	0
S110C	2	A_C	FBXO7-PSMF1	-2874.5672	-166.8798	8255.74	86	0.4695	282	0
S110C	3	A_B	FBXO7-PINK1	-2878.711	-101.2023	7093.15	80	0.4753	256	0
S110C	3	A_C	FBXO7-PSMF1	-2878.711	-169.2948	8203.33	74	0.4721	280	0
S110C	4	A_B	FBXO7-PINK1	-2878.3783	-100.74	7147.53	83	0.5252	256	0
S110C	4	A_C	FBXO7-PSMF1	-2878.3783	-166.3089	8207.63	76	0.4487	281	0
S110C	5	A_B	FBXO7-PINK1	-2876.8875	-102.967	7032.47	74	0.4583	257	0
S110C	5	A_C	FBXO7-PSMF1	-2876.8875	-168.4729	8201.62	83	0.4003	282	0
S110C	6	A_B	FBXO7-PINK1	-2876.5264	-109.8601	7121.22	72	0.456	258	0
S110C	6	A_C	FBXO7-PSMF1	-2876.5264	-163.2833	8230.04	83	0.4382	282	0
S110C	7	A_B	FBXO7-PINK1	-2867.0909	-100.1637	6978.29	83	0.5227	256	0
S110C	7	A_C	FBXO7-PSMF1	-2867.0909	-169.4612	8173.11	81	0.4676	282	0
S110C	8	A_B	FBXO7-PINK1	-2886.2465	-101.6604	7079.96	80	0.5026	257	0
S110C	8	A_C	FBXO7-PSMF1	-2886.2465	-169.4086	8248.28	86	0.4602	283	0
S110C	9	A_B	FBXO7-PINK1	-2872.3689	-104.0917	7175.53	73	0.4843	258	0
S110C	9	A_C	FBXO7-PSMF1	-2872.3689	-164.5449	8243.49	75	0.4571	281	0
S110C	10	A_B	FBXO7-PINK1	-2881.1664	-112.0078	7056.53	82	0.4914	258	0
S110C	10	A_C	FBXO7-PSMF1	-2881.1664	-167.6762	8248.6	83	0.4632	282	0
S110C	11	A_B	FBXO7-PINK1	-2882.3325	-100.9546	6944.22	79	0.4598	257	0
S110C	11	A_C	FBXO7-PSMF1	-2882.3325	-168.9627	8179.85	85	0.4834	282	0
S110C	12	A_B	FBXO7-PINK1	-2869.1559	-104.0733	6989.2	73	0.5268	257	0
S110C	12	A_C	FBXO7-PSMF1	-2869.1559	-169.9419	8125.35	81	0.4536	280	0
S110C	13	A_B	FBXO7-PINK1	-2887.1678	-100.5674	7038.64	88	0.4876	257	0
S110C	13	A_C	FBXO7-PSMF1	-2887.1678	-170.4167	8168.96	83	0.4459	282	0
S110C	14	A_B	FBXO7-PINK1	-2880.5079	-103.9285	7131.69	84	0.4927	257	0
S110C	14	A_C	FBXO7-PSMF1	-2880.5079	-168.3961	8235.61	79	0.4294	281	0
S110C	15	A_B	FBXO7-PINK1	-2862.1159	-99.2325	6963.83	92	0.4809	258	0
S110C	15	A_C	FBXO7-PSMF1	-2862.1159	-165.9929	8378.64	80	0.4336	280	0
S110C	16	A_B	FBXO7-PINK1	-2892.4608	-107.263	7038.25	78	0.5014	257	0
S110C	16	A_C	FBXO7-PSMF1	-2892.4608	-166.9177	8230.61	84	0.4844	282	0
S110C	17	A_B	FBXO7-PINK1	-2876.6948	-101.1765	7064.28	78	0.4469	258	0
S110C	17	A_C	FBXO7-PSMF1	-2876.6948	-160.5335	8178.49	74	0.4842	282	0
S110C	18	A_B	FBXO7-PINK1	-2885.135	-98.887	7128.65	81	0.4579	257	0
S110C	18	A_C	FBXO7-PSMF1	-2885.135	-171.436	8352.31	78	0.4561	282	0
S110C	19	A_B	FBXO7-PINK1	-2867.5069	-105.1319	7059.5	84	0.4989	258	0
S110C	19	A_C	FBXO7-PSMF1	-2867.5069	-170.1766	8139.46	78	0.4487	280	0
S110C	20	A_B	FBXO7-PINK1	-2883.6322	-109.2305	7169.01	73	0.4409	257	0
S110C	20	A_C	FBXO7-PSMF1	-2883.6322	-165.9727	8262.62	82	0.4813	282	0
S110C	21	A_B	FBXO7-PINK1	-2893.1393	-107.9689	7102.61	78	0.4416	257	0
S110C	21	A_C	FBXO7-PSMF1	-2893.1393	-172.8414	8290.74	83	0.4587	282	0
S110C	22	A_B	FBXO7-PINK1	-2886.8839	-100.6121	7122.61	81	0.4661	257	0
S110C	22	A_C	FBXO7-PSMF1	-2886.8839	-171.2022	8279.38	74	0.4623	282	0
S110C	23	A_B	FBXO7-PINK1	-2881.2902	-107.5381	7130.06	89	0.4844	257	0
S110C	23	A_C	FBXO7-PSMF1	-2881.2902	-168.3058	8338.09	81	0.4135	281	0
S110C	24	A_B	FBXO7-PINK1	-2881.613	-105.1162	7155.17	77	0.5058	257	0
S110C	24	A_C	FBXO7-PSMF1	-2881.613	-168.3904	8264.1	89	0.4634	282	0
Q127E	0	A_B	FBXO7-PINK1	-2894.8122	-124.8996	7071.94	74	0.4713	259	0
Q127E	0	A_C	FBXO7-PSMF1	-2894.8122	-160.817	8352.61	67	0.4594	288	0
Q127E	1	A_B	FBXO7-PINK1	-2905.9186	-126.0599	7027.41	72	0.444	258	0
Q127E	1	A_C	FBXO7-PSMF1	-2905.9186	-166.3307	8332.41	66	0.4974	291	0
Q127E	2	A_B	FBXO7-PINK1	-2895.4853	-125.9556	7003.61	70	0.4445	258	0
Q127E	2	A_C	FBXO7-PSMF1	-2895.4853	-162.8001	8312.55	69	0.4977	292	0
Q127E	3	A_B	FBXO7-PINK1	-2903.686	-126.3876	7023.5	81	0.4355	257	0
Q127E	3	A_C	FBXO7-PSMF1	-2903.686	-169.3775	8362.49	70	0.4748	289	0
Q127E	4	A_B	FBXO7-PINK1	-2899.7304	-115.7691	6955.79	76	0.4383	259	0
Q127E	4	A_C	FBXO7-PSMF1	-2899.7304	-171.2584	8341.85	75	0.4742	291	0
Q127E	5	A_B	FBXO7-PINK1	-2901.6697	-122.5981	6975.22	75	0.4426	258	0
Q127E	5	A_C	FBXO7-PSMF1	-2901.6697	-172.3845	8423.23	64	0.4776	290	0
Q127E	6	A_B	FBXO7-PINK1	-2906.6081	-123.6712	7299.44	71	0.42	259	0
Q127E	6	A_C	FBXO7-PSMF1	-2906.6081	-168.4554	8362.92	70	0.4969	289	0
Q127E	7	A_B	FBXO7-PINK1	-2898.7859	-127.5724	7163.99	83	0.4684	258	0
Q127E	7	A_C	FBXO7-PSMF1	-2898.7859	-165.0083	8333.61	57	0.5059	289	0
Q127E	8	A_B	FBXO7-PINK1	-2900.9388	-126.6479	7150.07	79	0.4381	259	0
Q127E	8	A_C	FBXO7-PSMF1	-2900.9388	-169.7749	8456.92	68	0.5047	291	0
Q127E	9	A_B	FBXO7-PINK1	-2900.5519	-123.5126	6981.79	80	0.441	260	0
Q127E	9	A_C	FBXO7-PSMF1	-2900.5519	-170.5795	8408.22	59	0.5094	290	0
Q127E	10	A_B	FBXO7-PINK1	-2903.0621	-121.0446	7172.92	85	0.444	258	0
Q127E	10	A_C	FBXO7-PSMF1	-2903.0621	-168.3987	8373.58	63	0.533	291	0
Q127E	11	A_B	FBXO7-PINK1	-2899.1886	-126.6078	7029.3	73	0.4554	257	0
Q127E	11	A_C	FBXO7-PSMF1	-2899.1886	-165.5589	8299.04	79	0.4882	290	0
Q127E	12	A_B	FBXO7-PINK1	-2906.9451	-124.1534	7113.36	75	0.4482	259	0
Q127E	12	A_C	FBXO7-PSMF1	-2906.9451	-170.7657	8391.34	76	0.5147	291	0
Q127E	13	A_B	FBXO7-PINK1	-2898.5498	-121.8045	6972.21	75	0.464	259	0
Q127E	13	A_C	FBXO7-PSMF1	-2898.5498	-170.2385	8303.04	67	0.4822	292	0
Q127E	14	A_B	FBXO7-PINK1	-2894.9708	-126.1937	7053.67	74	0.4724	258	0
Q127E	14	A_C	FBXO7-PSMF1	-2894.9708	-163.7304	8268.57	68	0.4545	291	0
Q127E	15	A_B	FBXO7-PINK1	-2896.7853	-121.1344	7018.6	75	0.4487	259	0
Q127E	15	A_C	FBXO7-PSMF1	-2896.7853	-166.2353	8408.07	71	0.491	290	0
Q127E	16	A_B	FBXO7-PINK1	-2903.8279	-124.9832	6973.34	79	0.4229	258	0
Q127E	16	A_C	FBXO7-PSMF1	-2903.8279	-174.2364	8358.45	59	0.4822	291	0
Q127E	17	A_B	FBXO7-PINK1	-2895.7224	-118.4882	7112.7	85	0.4163	258	0
Q127E	17	A_C	FBXO7-PSMF1	-2895.7224	-175.8438	8445.06	63	0.4855	292	0
Q127E	18	A_B	FBXO7-PINK1	-2901.9339	-125.7837	7192.42	82	0.4456	258	0
Q127E	18	A_C	FBXO7-PSMF1	-2901.9339	-166.1088	8326.05	67	0.4878	288	0
Q127E	19	A_B	FBXO7-PINK1	-2888.4918	-127.1543	7012.25	77	0.4574	258	0
Q127E	19	A_C	FBXO7-PSMF1	-2888.4918	-163.0556	8359.33	75	0.4943	291	0
Q127E	20	A_B	FBXO7-PINK1	-2908.2154	-127.7137	7024.59	78	0.4503	258	0
Q127E	20	A_C	FBXO7-PSMF1	-2908.2154	-167.8886	8330.75	71	0.4896	292	0
Q127E	21	A_B	FBXO7-PINK1	-2894.3398	-125.7384	6998.24	79	0.4697	258	0
Q127E	21	A_C	FBXO7-PSMF1	-2894.3398	-163.6174	8369.34	68	0.4758	288	0
Q127E	22	A_B	FBXO7-PINK1	-2914.0139	-127.8808	7191.19	74	0.4316	259	0
Q127E	22	A_C	FBXO7-PSMF1	-2914.0139	-168.3564	8296.85	65	0.4729	289	0
Q127E	23	A_B	FBXO7-PINK1	-2900.4235	-117.9363	6965.14	73	0.4257	260	0
Q127E	23	A_C	FBXO7-PSMF1	-2900.4235	-169.9591	8391.62	68	0.5035	289	0
Q127E	24	A_B	FBXO7-PINK1	-2892.0855	-124.8061	7001.14	85	0.444	259	0
Q127E	24	A_C	FBXO7-PSMF1	-2892.0855	-173.0954	8503.05	64	0.4598	292	0
F146V	0	A_B	FBXO7-PINK1	-2877.922	-105.0437	7016.34	82	0.4805	254	0
F146V	0	A_C	FBXO7-PSMF1	-2877.922	-165.5205	8444.44	77	0.4796	291	0
F146V	1	A_B	FBXO7-PINK1	-2894.6245	-120.4417	7032.25	69	0.5425	253	0
F146V	1	A_C	FBXO7-PSMF1	-2894.6245	-163.9893	8447.21	63	0.4555	296	0
F146V	2	A_B	FBXO7-PINK1	-2898.5128	-121.2512	7068.59	72	0.4902	254	0
F146V	2	A_C	FBXO7-PSMF1	-2898.5128	-169.5688	8568.45	71	0.4518	294	0
F146V	3	A_B	FBXO7-PINK1	-2886.3936	-110.7644	7062.81	69	0.487	256	0
F146V	3	A_C	FBXO7-PSMF1	-2886.3936	-173.8253	8582.0	72	0.4462	295	0
F146V	4	A_B	FBXO7-PINK1	-2895.5526	-114.1292	6994.89	75	0.5467	255	0
F146V	4	A_C	FBXO7-PSMF1	-2895.5526	-173.1603	8567.57	75	0.486	294	0
F146V	5	A_B	FBXO7-PINK1	-2896.931	-109.7812	6909.37	78	0.486	254	0
F146V	5	A_C	FBXO7-PSMF1	-2896.931	-175.6587	8541.21	71	0.4829	294	0
F146V	6	A_B	FBXO7-PINK1	-2885.3315	-107.8185	6940.0	70	0.4809	256	0
F146V	6	A_C	FBXO7-PSMF1	-2885.3315	-170.9838	8477.95	74	0.4764	293	0
F146V	7	A_B	FBXO7-PINK1	-2887.536	-108.482	7032.09	68	0.5088	255	0
F146V	7	A_C	FBXO7-PSMF1	-2887.536	-169.3384	8530.06	56	0.4537	295	0
F146V	8	A_B	FBXO7-PINK1	-2890.9763	-111.4351	6974.33	76	0.517	254	0
F146V	8	A_C	FBXO7-PSMF1	-2890.9763	-172.2183	8515.62	67	0.4628	296	0
F146V	9	A_B	FBXO7-PINK1	-2891.8131	-109.3501	6951.29	83	0.4932	254	0
F146V	9	A_C	FBXO7-PSMF1	-2891.8131	-173.3021	8592.25	62	0.4526	293	0
F146V	10	A_B	FBXO7-PINK1	-2894.4682	-114.5425	7012.93	64	0.4972	256	0
F146V	10	A_C	FBXO7-PSMF1	-2894.4682	-168.2205	8539.43	78	0.4451	293	0
F146V	11	A_B	FBXO7-PINK1	-2897.0587	-111.8858	7062.19	72	0.4721	256	0
F146V	11	A_C	FBXO7-PSMF1	-2897.0587	-169.1232	8537.04	80	0.4733	295	0
F146V	12	A_B	FBXO7-PINK1	-2883.2912	-108.8524	6926.41	74	0.5011	257	0
F146V	12	A_C	FBXO7-PSMF1	-2883.2912	-169.604	8569.23	76	0.4437	296	0
F146V	13	A_B	FBXO7-PINK1	-2889.1526	-111.8866	6899.8	71	0.5078	255	0
F146V	13	A_C	FBXO7-PSMF1	-2889.1526	-172.2123	8582.96	76	0.4876	293	0
F146V	14	A_B	FBXO7-PINK1	-2903.8139	-117.3823	7071.24	71	0.496	255	0
F146V	14	A_C	FBXO7-PSMF1	-2903.8139	-170.5637	8543.83	73	0.4629	293	0
F146V	15	A_B	FBXO7-PINK1	-2904.9281	-119.4465	7166.46	69	0.4876	253	0
F146V	15	A_C	FBXO7-PSMF1	-2904.9281	-168.9965	8508.58	82	0.4745	291	0
F146V	16	A_B	FBXO7-PINK1	-2889.5697	-115.304	7122.2	74	0.5247	255	0
F146V	16	A_C	FBXO7-PSMF1	-2889.5697	-164.3784	8404.43	70	0.4786	297	0
F146V	17	A_B	FBXO7-PINK1	-2897.9295	-117.1069	7088.15	66	0.5152	254	0
F146V	17	A_C	FBXO7-PSMF1	-2897.9295	-175.0695	8649.15	68	0.4675	296	0
F146V	18	A_B	FBXO7-PINK1	-2886.4475	-119.4138	6914.01	63	0.4983	255	0
F146V	18	A_C	FBXO7-PSMF1	-2886.4475	-167.9637	8485.54	73	0.4518	295	0
F146V	19	A_B	FBXO7-PINK1	-2882.2388	-117.9729	6950.82	69	0.4972	256	0
F146V	19	A_C	FBXO7-PSMF1	-2882.2388	-165.2684	8472.62	63	0.4503	294	0
F146V	20	A_B	FBXO7-PINK1	-2895.3599	-115.6924	7028.36	78	0.5185	254	0
F146V	20	A_C	FBXO7-PSMF1	-2895.3599	-173.929	8476.91	75	0.4704	291	0
F146V	21	A_B	FBXO7-PINK1	-2899.4537	-122.2861	7060.13	69	0.4962	254	0
F146V	21	A_C	FBXO7-PSMF1	-2899.4537	-173.7503	8552.56	76	0.4634	295	0
F146V	22	A_B	FBXO7-PINK1	-2915.5644	-117.8058	7068.18	61	0.5025	254	0
F146V	22	A_C	FBXO7-PSMF1	-2915.5644	-174.5231	8580.05	81	0.4807	297	0
F146V	23	A_B	FBXO7-PINK1	-2897.6689	-114.6598	6982.1	76	0.5413	256	0
F146V	23	A_C	FBXO7-PSMF1	-2897.6689	-170.6282	8575.92	78	0.4661	294	0
F146V	24	A_B	FBXO7-PINK1	-2890.6681	-116.0313	7084.21	73	0.4983	253	0
F146V	24	A_C	FBXO7-PSMF1	-2890.6681	-170.1955	8565.34	60	0.4482	290	0
D191G	0	A_B	FBXO7-PINK1	-2892.9447	-109.5594	7151.91	80	0.557	259	0
D191G	0	A_C	FBXO7-PSMF1	-2892.9447	-164.3137	8488.32	72	0.4785	294	0
D191G	1	A_B	FBXO7-PINK1	-2889.332	-112.6873	7055.18	90	0.5648	260	0
D191G	1	A_C	FBXO7-PSMF1	-2889.332	-165.2536	8492.54	76	0.4763	297	0
D191G	2	A_B	FBXO7-PINK1	-2883.2932	-108.0061	6927.69	83	0.5471	261	0
D191G	2	A_C	FBXO7-PSMF1	-2883.2932	-168.8775	8542.41	74	0.427	295	0
D191G	3	A_B	FBXO7-PINK1	-2897.1951	-108.2766	6969.47	81	0.5559	257	0
D191G	3	A_C	FBXO7-PSMF1	-2897.1951	-174.3315	8579.05	63	0.4618	295	0
D191G	4	A_B	FBXO7-PINK1	-2906.119	-116.3755	6949.3	75	0.5638	257	0
D191G	4	A_C	FBXO7-PSMF1	-2906.119	-165.5071	8626.2	77	0.4474	296	0
D191G	5	A_B	FBXO7-PINK1	-2886.2982	-109.2913	7189.89	87	0.5391	260	0
D191G	5	A_C	FBXO7-PSMF1	-2886.2982	-168.451	8510.77	69	0.4495	297	0
D191G	6	A_B	FBXO7-PINK1	-2890.4172	-114.9797	6953.64	82	0.5333	260	0
D191G	6	A_C	FBXO7-PSMF1	-2890.4172	-169.4	8513.61	69	0.45	296	0
D191G	7	A_B	FBXO7-PINK1	-2893.7239	-108.4444	7086.99	76	0.5354	257	0
D191G	7	A_C	FBXO7-PSMF1	-2893.7239	-170.8193	8508.26	81	0.4489	298	0
D191G	8	A_B	FBXO7-PINK1	-2901.8147	-111.3983	7026.25	92	0.5303	260	0
D191G	8	A_C	FBXO7-PSMF1	-2901.8147	-171.9702	8482.0	73	0.4518	293	0
D191G	9	A_B	FBXO7-PINK1	-2884.0116	-107.0159	7046.65	74	0.539	259	0
D191G	9	A_C	FBXO7-PSMF1	-2884.0116	-170.1121	8459.47	71	0.4431	293	0
D191G	10	A_B	FBXO7-PINK1	-2903.3442	-117.3951	7203.11	74	0.5308	259	0
D191G	10	A_C	FBXO7-PSMF1	-2903.3442	-175.4759	8434.33	66	0.4419	296	0
D191G	11	A_B	FBXO7-PINK1	-2904.0732	-116.8036	7123.9	88	0.5444	259	0
D191G	11	A_C	FBXO7-PSMF1	-2904.0732	-180.2972	8546.18	69	0.4696	294	0
D191G	12	A_B	FBXO7-PINK1	-2905.511	-122.3058	7160.13	82	0.5597	260	0
D191G	12	A_C	FBXO7-PSMF1	-2905.511	-170.5075	8497.35	71	0.4556	293	0
D191G	13	A_B	FBXO7-PINK1	-2912.2631	-113.8441	7092.89	75	0.5513	260	0
D191G	13	A_C	FBXO7-PSMF1	-2912.2631	-166.1512	8516.77	78	0.4509	297	0
D191G	14	A_B	FBXO7-PINK1	-2886.3708	-108.6006	6990.85	73	0.5479	260	0
D191G	14	A_C	FBXO7-PSMF1	-2886.3708	-171.3152	8624.22	74	0.4358	298	0
D191G	15	A_B	FBXO7-PINK1	-2891.7466	-115.0795	7138.7	79	0.5408	261	0
D191G	15	A_C	FBXO7-PSMF1	-2891.7466	-169.3908	8571.94	78	0.427	295	0
D191G	16	A_B	FBXO7-PINK1	-2896.1759	-109.0743	7068.45	75	0.5412	260	0
D191G	16	A_C	FBXO7-PSMF1	-2896.1759	-164.438	8420.3	73	0.4365	301	0
D191G	17	A_B	FBXO7-PINK1	-2894.7592	-111.6485	7119.04	73	0.5433	258	0
D191G	17	A_C	FBXO7-PSMF1	-2894.7592	-166.2514	8592.98	81	0.4234	296	0
D191G	18	A_B	FBXO7-PINK1	-2892.9994	-113.2648	7085.66	76	0.525	259	0
D191G	18	A_C	FBXO7-PSMF1	-2892.9994	-169.7783	8518.43	79	0.4582	296	0
D191G	19	A_B	FBXO7-PINK1	-2896.4152	-108.5364	7013.65	78	0.5446	260	0
D191G	19	A_C	FBXO7-PSMF1	-2896.4152	-169.8726	8575.98	74	0.4406	292	0
D191G	20	A_B	FBXO7-PINK1	-2896.4347	-115.5132	7086.19	79	0.5611	259	0
D191G	20	A_C	FBXO7-PSMF1	-2896.4347	-172.7966	8524.57	72	0.4385	294	0
D191G	21	A_B	FBXO7-PINK1	-2890.5181	-113.184	7166.4	77	0.5667	260	0
D191G	21	A_C	FBXO7-PSMF1	-2890.5181	-165.7335	8488.56	76	0.4497	298	0
D191G	22	A_B	FBXO7-PINK1	-2888.3892	-116.1002	7023.31	81	0.5559	258	0
D191G	22	A_C	FBXO7-PSMF1	-2888.3892	-169.8374	8532.01	72	0.4391	296	0
D191G	23	A_B	FBXO7-PINK1	-2870.3442	-107.4113	7195.71	77	0.5254	259	0
D191G	23	A_C	FBXO7-PSMF1	-2870.3442	-161.0828	8409.78	67	0.4361	297	0
D191G	24	A_B	FBXO7-PINK1	-2898.8331	-111.8842	7134.42	70	0.556	260	0
D191G	24	A_C	FBXO7-PSMF1	-2898.8331	-169.3753	8346.1	70	0.4634	297	0
L290P	0	A_B	FBXO7-PINK1	-2879.1623	-116.6508	7042.99	88	0.507	257	0
L290P	0	A_C	FBXO7-PSMF1	-2879.1623	-166.5379	8319.82	74	0.4692	303	0
L290P	1	A_B	FBXO7-PINK1	-2888.3249	-115.7863	7057.79	86	0.4174	257	0
L290P	1	A_C	FBXO7-PSMF1	-2888.3249	-164.0898	8409.01	89	0.4775	301	0
L290P	2	A_B	FBXO7-PINK1	-2885.5234	-119.1923	7012.42	87	0.445	256	0
L290P	2	A_C	FBXO7-PSMF1	-2885.5234	-162.5391	8422.78	67	0.4694	297	0
L290P	3	A_B	FBXO7-PINK1	-2891.8564	-117.6307	6976.51	79	0.4639	258	0
L290P	3	A_C	FBXO7-PSMF1	-2891.8564	-171.8966	8342.17	84	0.4826	303	0
L290P	4	A_B	FBXO7-PINK1	-2878.0843	-118.2855	7047.69	93	0.4734	258	0
L290P	4	A_C	FBXO7-PSMF1	-2878.0843	-165.7405	8302.01	91	0.4813	300	0
L290P	5	A_B	FBXO7-PINK1	-2886.1866	-116.0115	6943.8	87	0.4292	255	0
L290P	5	A_C	FBXO7-PSMF1	-2886.1866	-170.3896	8478.43	76	0.4492	302	0
L290P	6	A_B	FBXO7-PINK1	-2889.1114	-115.9012	6940.64	82	0.4677	256	0
L290P	6	A_C	FBXO7-PSMF1	-2889.1114	-165.5893	8223.48	84	0.4858	300	0
L290P	7	A_B	FBXO7-PINK1	-2886.1702	-114.2778	7020.31	86	0.4242	257	0
L290P	7	A_C	FBXO7-PSMF1	-2886.1702	-171.6995	8389.44	81	0.4384	303	0
L290P	8	A_B	FBXO7-PINK1	-2882.942	-116.3535	6990.62	81	0.4495	257	0
L290P	8	A_C	FBXO7-PSMF1	-2882.942	-165.837	8325.97	82	0.4609	302	0
L290P	9	A_B	FBXO7-PINK1	-2873.4567	-116.4062	7029.83	91	0.4517	257	0
L290P	9	A_C	FBXO7-PSMF1	-2873.4567	-171.0162	8369.51	86	0.4807	301	0
L290P	10	A_B	FBXO7-PINK1	-2891.9786	-116.307	6988.51	84	0.4366	257	0
L290P	10	A_C	FBXO7-PSMF1	-2891.9786	-166.1275	8399.11	84	0.4635	303	0
L290P	11	A_B	FBXO7-PINK1	-2884.6387	-117.9817	6992.25	91	0.4517	257	0
L290P	11	A_C	FBXO7-PSMF1	-2884.6387	-167.2081	8392.12	91	0.4529	302	0
L290P	12	A_B	FBXO7-PINK1	-2885.3438	-114.7385	6978.22	90	0.479	257	0
L290P	12	A_C	FBXO7-PSMF1	-2885.3438	-163.029	8275.25	81	0.46	299	0
L290P	13	A_B	FBXO7-PINK1	-2880.3259	-118.7605	7101.21	89	0.455	257	0
L290P	13	A_C	FBXO7-PSMF1	-2880.3259	-168.1188	8313.91	83	0.4568	300	0
L290P	14	A_B	FBXO7-PINK1	-2884.6788	-113.9303	6927.2	85	0.4316	257	0
L290P	14	A_C	FBXO7-PSMF1	-2884.6788	-168.8037	8313.21	82	0.4835	302	0
L290P	15	A_B	FBXO7-PINK1	-2879.2814	-115.5812	6934.01	90	0.4747	255	0
L290P	15	A_C	FBXO7-PSMF1	-2879.2814	-173.2094	8475.34	78	0.4359	302	0
L290P	16	A_B	FBXO7-PINK1	-2879.1522	-116.588	6963.1	93	0.4784	256	0
L290P	16	A_C	FBXO7-PSMF1	-2879.1522	-165.1101	8296.86	90	0.4869	298	0
L290P	17	A_B	FBXO7-PINK1	-2881.3996	-119.3132	6993.97	82	0.4426	256	0
L290P	17	A_C	FBXO7-PSMF1	-2881.3996	-168.1359	8399.13	75	0.4803	303	0
L290P	18	A_B	FBXO7-PINK1	-2889.0691	-114.4896	7056.98	78	0.4819	258	0
L290P	18	A_C	FBXO7-PSMF1	-2889.0691	-161.7587	8432.79	85	0.4393	299	0
L290P	19	A_B	FBXO7-PINK1	-2885.4932	-117.5671	6865.35	77	0.4286	258	0
L290P	19	A_C	FBXO7-PSMF1	-2885.4932	-170.162	8336.04	76	0.466	300	0
L290P	20	A_B	FBXO7-PINK1	-2887.6795	-120.2945	7094.42	90	0.4458	256	0
L290P	20	A_C	FBXO7-PSMF1	-2887.6795	-169.0792	8317.02	80	0.484	300	0
L290P	21	A_B	FBXO7-PINK1	-2886.4074	-114.3458	6966.82	87	0.4441	257	0
L290P	21	A_C	FBXO7-PSMF1	-2886.4074	-164.6907	8359.04	84	0.4702	302	0
L290P	22	A_B	FBXO7-PINK1	-2875.8254	-115.4994	6996.56	80	0.4594	256	0
L290P	22	A_C	FBXO7-PSMF1	-2875.8254	-164.6215	8368.22	74	0.4661	302	0
L290P	23	A_B	FBXO7-PINK1	-2872.8892	-111.3732	7015.32	82	0.4331	257	0
L290P	23	A_C	FBXO7-PSMF1	-2872.8892	-170.2598	8393.4	82	0.4791	301	0
L290P	24	A_B	FBXO7-PINK1	-2874.3679	-119.3861	7077.35	97	0.4539	255	0
L290P	24	A_C	FBXO7-PSMF1	-2874.3679	-169.2973	8471.81	74	0.4885	303	0
E292R	0	A_B	FBXO7-PINK1	-2909.4944	-114.9897	7208.95	65	0.4623	262	0
E292R	0	A_C	FBXO7-PSMF1	-2909.4944	-177.1721	8602.75	69	0.4686	291	0
E292R	1	A_B	FBXO7-PINK1	-2902.642	-117.2499	7134.55	77	0.4345	259	0
E292R	1	A_C	FBXO7-PSMF1	-2902.642	-168.7809	8580.66	74	0.4414	290	0
E292R	2	A_B	FBXO7-PINK1	-2901.2967	-109.9852	7235.85	67	0.4828	259	0
E292R	2	A_C	FBXO7-PSMF1	-2901.2967	-175.4757	8640.92	80	0.4573	291	0
E292R	3	A_B	FBXO7-PINK1	-2889.6401	-108.9584	7201.46	70	0.4527	262	0
E292R	3	A_C	FBXO7-PSMF1	-2889.6401	-170.278	8535.52	81	0.4475	291	0
E292R	4	A_B	FBXO7-PINK1	-2883.3267	-117.7403	7004.15	68	0.4666	260	0
E292R	4	A_C	FBXO7-PSMF1	-2883.3267	-169.385	8555.26	70	0.4572	290	0
E292R	5	A_B	FBXO7-PINK1	-2899.6574	-111.5707	7126.01	61	0.4795	262	0
E292R	5	A_C	FBXO7-PSMF1	-2899.6574	-176.4104	8677.71	72	0.4577	290	0
E292R	6	A_B	FBXO7-PINK1	-2881.615	-111.0713	7142.23	64	0.476	262	0
E292R	6	A_C	FBXO7-PSMF1	-2881.615	-170.2889	8350.36	76	0.4545	289	0
E292R	7	A_B	FBXO7-PINK1	-2893.2788	-117.2088	7239.41	64	0.5011	262	0
E292R	7	A_C	FBXO7-PSMF1	-2893.2788	-174.6695	8523.33	81	0.4741	290	0
E292R	8	A_B	FBXO7-PINK1	-2896.3707	-119.2689	7054.82	54	0.4649	263	0
E292R	8	A_C	FBXO7-PSMF1	-2896.3707	-161.4381	8471.28	68	0.4423	288	0
E292R	9	A_B	FBXO7-PINK1	-2896.5872	-117.0991	7078.21	66	0.4951	262	0
E292R	9	A_C	FBXO7-PSMF1	-2896.5872	-177.2711	8602.34	68	0.4733	290	0
E292R	10	A_B	FBXO7-PINK1	-2896.1534	-116.9466	7154.9	70	0.4622	262	0
E292R	10	A_C	FBXO7-PSMF1	-2896.1534	-175.198	8566.51	73	0.4777	289	0
E292R	11	A_B	FBXO7-PINK1	-2907.9659	-112.4774	6953.53	58	0.4813	260	0
E292R	11	A_C	FBXO7-PSMF1	-2907.9659	-178.0751	8632.58	73	0.4511	289	0
E292R	12	A_B	FBXO7-PINK1	-2884.369	-110.2945	7186.91	76	0.4535	261	0
E292R	12	A_C	FBXO7-PSMF1	-2884.369	-171.8267	8529.43	78	0.4443	289	0
E292R	13	A_B	FBXO7-PINK1	-2881.9405	-112.3921	7088.84	63	0.4773	262	0
E292R	13	A_C	FBXO7-PSMF1	-2881.9405	-166.7654	8638.55	72	0.479	288	0
E292R	14	A_B	FBXO7-PINK1	-2903.5357	-116.1028	7115.98	80	0.44	260	0
E292R	14	A_C	FBXO7-PSMF1	-2903.5357	-175.2684	8522.58	74	0.5206	291	0
E292R	15	A_B	FBXO7-PINK1	-2913.9621	-120.3552	7132.81	61	0.4711	262	0
E292R	15	A_C	FBXO7-PSMF1	-2913.9621	-172.4931	8512.6	71	0.4585	291	0
E292R	16	A_B	FBXO7-PINK1	-2902.4948	-112.858	7010.6	62	0.493	262	0
E292R	16	A_C	FBXO7-PSMF1	-2902.4948	-168.9997	8560.31	83	0.4697	291	0
E292R	17	A_B	FBXO7-PINK1	-2891.3438	-111.75	7169.64	67	0.4527	259	0
E292R	17	A_C	FBXO7-PSMF1	-2891.3438	-179.8906	8689.15	74	0.4784	289	0
E292R	18	A_B	FBXO7-PINK1	-2908.0049	-116.8961	7140.93	68	0.4878	261	0
E292R	18	A_C	FBXO7-PSMF1	-2908.0049	-176.8189	8615.03	79	0.4482	286	0
E292R	19	A_B	FBXO7-PINK1	-2903.4625	-117.744	7149.27	63	0.4782	260	0
E292R	19	A_C	FBXO7-PSMF1	-2903.4625	-165.6691	8516.42	78	0.4497	291	0
E292R	20	A_B	FBXO7-PINK1	-2901.6811	-112.0496	7044.1	66	0.4861	260	0
E292R	20	A_C	FBXO7-PSMF1	-2901.6811	-172.2937	8496.45	74	0.4278	289	0
E292R	21	A_B	FBXO7-PINK1	-2899.7108	-119.3676	7221.0	59	0.4792	259	0
E292R	21	A_C	FBXO7-PSMF1	-2899.7108	-173.4781	8477.73	87	0.463	290	0
E292R	22	A_B	FBXO7-PINK1	-2900.5681	-117.9587	7151.07	55	0.4852	260	0
E292R	22	A_C	FBXO7-PSMF1	-2900.5681	-174.8873	8493.53	71	0.4839	290	0
E292R	23	A_B	FBXO7-PINK1	-2902.9031	-116.462	7143.48	65	0.4736	262	0
E292R	23	A_C	FBXO7-PSMF1	-2902.9031	-179.7681	8488.02	66	0.4713	290	0
E292R	24	A_B	FBXO7-PINK1	-2903.865	-115.1961	7186.7	70	0.4845	262	0
E292R	24	A_C	FBXO7-PSMF1	-2903.865	-175.5101	8490.53	72	0.4898	290	0
G409I	0	A_B	FBXO7-PINK1	-2877.8817	-120.3358	7188.24	67	0.4416	256	0
G409I	0	A_C	FBXO7-PSMF1	-2877.8817	-168.088	8427.67	62	0.4646	288	0
G409I	1	A_B	FBXO7-PINK1	-2872.3428	-115.8785	7151.98	68	0.4598	256	0
G409I	1	A_C	FBXO7-PSMF1	-2872.3428	-160.7206	8473.6	65	0.4303	285	0
G409I	2	A_B	FBXO7-PINK1	-2893.4265	-119.4986	7245.79	72	0.4612	256	0
G409I	2	A_C	FBXO7-PSMF1	-2893.4265	-169.8895	8459.91	67	0.5053	286	0
G409I	3	A_B	FBXO7-PINK1	-2885.4922	-121.3825	7196.34	68	0.454	258	0
G409I	3	A_C	FBXO7-PSMF1	-2885.4922	-170.4175	8382.71	67	0.4584	286	0
G409I	4	A_B	FBXO7-PINK1	-2880.8636	-118.6265	7171.76	64	0.4518	257	0
G409I	4	A_C	FBXO7-PSMF1	-2880.8636	-170.6398	8498.44	69	0.4656	287	0
G409I	5	A_B	FBXO7-PINK1	-2883.688	-119.5241	7149.46	72	0.447	257	0
G409I	5	A_C	FBXO7-PSMF1	-2883.688	-163.7325	8455.31	57	0.5063	285	0
G409I	6	A_B	FBXO7-PINK1	-2877.9809	-117.5959	7068.58	66	0.4451	254	0
G409I	6	A_C	FBXO7-PSMF1	-2877.9809	-166.1584	8426.73	59	0.4898	283	0
G409I	7	A_B	FBXO7-PINK1	-2878.5108	-118.9454	7295.66	70	0.4528	256	0
G409I	7	A_C	FBXO7-PSMF1	-2878.5108	-158.88	8484.41	61	0.4731	283	0
G409I	8	A_B	FBXO7-PINK1	-2889.6929	-120.866	7251.8	60	0.4463	256	0
G409I	8	A_C	FBXO7-PSMF1	-2889.6929	-172.2846	8561.04	68	0.4674	285	0
G409I	9	A_B	FBXO7-PINK1	-2868.9427	-116.4906	7195.0	68	0.5072	256	0
G409I	9	A_C	FBXO7-PSMF1	-2868.9427	-163.0569	8418.18	80	0.4714	286	0
G409I	10	A_B	FBXO7-PINK1	-2864.2533	-115.9829	7296.75	74	0.4566	256	0
G409I	10	A_C	FBXO7-PSMF1	-2864.2533	-163.3415	8573.74	66	0.4676	286	0
G409I	11	A_B	FBXO7-PINK1	-2877.0269	-121.9443	7293.47	67	0.4374	256	0
G409I	11	A_C	FBXO7-PSMF1	-2877.0269	-164.2515	8516.98	70	0.4363	284	0
G409I	12	A_B	FBXO7-PINK1	-2880.3947	-120.1522	7113.68	70	0.4794	256	0
G409I	12	A_C	FBXO7-PSMF1	-2880.3947	-166.8564	8547.7	71	0.4673	286	0
G409I	13	A_B	FBXO7-PINK1	-2877.7261	-123.5623	7087.14	66	0.4842	257	0
G409I	13	A_C	FBXO7-PSMF1	-2877.7261	-168.9298	8601.05	65	0.4681	287	0
G409I	14	A_B	FBXO7-PINK1	-2874.1099	-113.8362	7195.78	72	0.4374	255	0
G409I	14	A_C	FBXO7-PSMF1	-2874.1099	-172.0394	8595.87	69	0.4363	287	0
G409I	15	A_B	FBXO7-PINK1	-2890.1473	-122.392	7143.71	72	0.4866	257	0
G409I	15	A_C	FBXO7-PSMF1	-2890.1473	-171.1214	8441.76	76	0.4616	287	0
G409I	16	A_B	FBXO7-PINK1	-2871.4053	-114.8902	7121.85	70	0.4596	255	0
G409I	16	A_C	FBXO7-PSMF1	-2871.4053	-162.0848	8524.89	63	0.4343	284	0
G409I	17	A_B	FBXO7-PINK1	-2883.7662	-117.1879	7223.13	63	0.4516	258	0
G409I	17	A_C	FBXO7-PSMF1	-2883.7662	-164.5469	8493.01	62	0.4535	286	0
G409I	18	A_B	FBXO7-PINK1	-2875.0964	-116.2797	7201.01	70	0.4639	255	0
G409I	18	A_C	FBXO7-PSMF1	-2875.0964	-167.1304	8434.03	72	0.472	286	0
G409I	19	A_B	FBXO7-PINK1	-2880.9603	-117.6616	7157.97	67	0.4345	256	0
G409I	19	A_C	FBXO7-PSMF1	-2880.9603	-162.7633	8517.6	70	0.4393	287	0
G409I	20	A_B	FBXO7-PINK1	-2882.0345	-115.5978	7233.46	73	0.4347	257	0
G409I	20	A_C	FBXO7-PSMF1	-2882.0345	-163.0019	8486.37	63	0.4915	286	0
G409I	21	A_B	FBXO7-PINK1	-2878.6227	-115.036	7177.21	66	0.4411	256	0
G409I	21	A_C	FBXO7-PSMF1	-2878.6227	-160.6064	8578.95	67	0.4539	286	0
G409I	22	A_B	FBXO7-PINK1	-2891.5273	-124.8102	7234.23	70	0.4718	256	0
G409I	22	A_C	FBXO7-PSMF1	-2891.5273	-174.8307	8535.7	61	0.4729	286	0
G409I	23	A_B	FBXO7-PINK1	-2892.1398	-125.0928	7226.82	73	0.4285	256	0
G409I	23	A_C	FBXO7-PSMF1	-2892.1398	-170.0883	8358.13	74	0.4699	287	0
G409I	24	A_B	FBXO7-PINK1	-2884.0623	-120.1647	7152.62	69	0.4927	256	0
G409I	24	A_C	FBXO7-PSMF1	-2884.0623	-160.2454	8429.22	74	0.4865	286	0
G409R	0	A_B	FBXO7-PINK1	-2893.3337	-118.2207	7148.13	70	0.516	252	0
G409R	0	A_C	FBXO7-PSMF1	-2893.3337	-165.5286	8232.61	70	0.4337	290	0
G409R	1	A_B	FBXO7-PINK1	-2900.182	-114.1364	7128.29	63	0.4919	253	0
G409R	1	A_C	FBXO7-PSMF1	-2900.182	-170.8686	8415.67	71	0.4538	288	0
G409R	2	A_B	FBXO7-PINK1	-2908.6211	-114.5039	7013.23	66	0.4641	250	0
G409R	2	A_C	FBXO7-PSMF1	-2908.6211	-168.151	8243.68	69	0.4458	292	0
G409R	3	A_B	FBXO7-PINK1	-2906.323	-117.484	7055.4	69	0.4763	252	0
G409R	3	A_C	FBXO7-PSMF1	-2906.323	-168.2286	8271.43	67	0.4172	290	0
G409R	4	A_B	FBXO7-PINK1	-2922.8083	-125.7632	7154.56	73	0.4421	251	0
G409R	4	A_C	FBXO7-PSMF1	-2922.8083	-168.5725	8255.05	66	0.4651	289	0
G409R	5	A_B	FBXO7-PINK1	-2894.2212	-115.3883	6970.41	72	0.4978	253	0
G409R	5	A_C	FBXO7-PSMF1	-2894.2212	-169.1938	8471.47	73	0.4623	290	0
G409R	6	A_B	FBXO7-PINK1	-2912.4125	-124.1828	7128.73	72	0.4922	252	0
G409R	6	A_C	FBXO7-PSMF1	-2912.4125	-163.4809	8125.51	71	0.471	292	0
G409R	7	A_B	FBXO7-PINK1	-2893.0266	-116.908	6941.38	75	0.4889	255	0
G409R	7	A_C	FBXO7-PSMF1	-2893.0266	-165.6277	8269.16	72	0.4763	291	0
G409R	8	A_B	FBXO7-PINK1	-2893.1452	-120.4754	7035.09	68	0.501	253	0
G409R	8	A_C	FBXO7-PSMF1	-2893.1452	-168.2972	8241.04	74	0.4598	291	0
G409R	9	A_B	FBXO7-PINK1	-2883.8716	-116.0909	7147.37	76	0.4481	254	0
G409R	9	A_C	FBXO7-PSMF1	-2883.8716	-165.4533	8317.4	73	0.4652	288	0
G409R	10	A_B	FBXO7-PINK1	-2889.7379	-109.8233	7011.58	69	0.4894	253	0
G409R	10	A_C	FBXO7-PSMF1	-2889.7379	-166.5185	8428.38	70	0.4752	290	0
G409R	11	A_B	FBXO7-PINK1	-2905.203	-112.7832	7014.41	69	0.4879	251	0
G409R	11	A_C	FBXO7-PSMF1	-2905.203	-169.2368	8329.98	66	0.4616	291	0
G409R	12	A_B	FBXO7-PINK1	-2896.267	-111.8264	7149.42	75	0.4449	254	0
G409R	12	A_C	FBXO7-PSMF1	-2896.267	-163.2411	8324.04	74	0.5015	292	0
G409R	13	A_B	FBXO7-PINK1	-2909.588	-114.935	7053.11	74	0.4687	251	0
G409R	13	A_C	FBXO7-PSMF1	-2909.588	-168.8373	8333.25	77	0.4523	289	0
G409R	14	A_B	FBXO7-PINK1	-2905.7172	-114.7247	7055.89	75	0.4949	252	0
G409R	14	A_C	FBXO7-PSMF1	-2905.7172	-169.258	8153.54	72	0.4794	290	0
G409R	15	A_B	FBXO7-PINK1	-2884.6325	-111.3989	6997.69	74	0.4908	252	0
G409R	15	A_C	FBXO7-PSMF1	-2884.6325	-167.7746	8291.85	74	0.4258	291	0
G409R	16	A_B	FBXO7-PINK1	-2910.7083	-120.5525	7082.14	66	0.4886	252	0
G409R	16	A_C	FBXO7-PSMF1	-2910.7083	-165.4106	8389.92	70	0.4302	291	0
G409R	17	A_B	FBXO7-PINK1	-2899.1279	-116.2038	7072.96	73	0.5052	253	0
G409R	17	A_C	FBXO7-PSMF1	-2899.1279	-166.2346	8304.62	71	0.4419	287	0
G409R	18	A_B	FBXO7-PINK1	-2900.6699	-117.8693	7073.7	75	0.4935	252	0
G409R	18	A_C	FBXO7-PSMF1	-2900.6699	-168.3052	8234.16	68	0.4524	290	0
G409R	19	A_B	FBXO7-PINK1	-2913.815	-121.8417	7087.99	64	0.4961	253	0
G409R	19	A_C	FBXO7-PSMF1	-2913.815	-165.0944	8343.29	72	0.4857	291	0
G409R	20	A_B	FBXO7-PINK1	-2900.5259	-115.7155	7126.99	73	0.4618	250	0
G409R	20	A_C	FBXO7-PSMF1	-2900.5259	-166.7352	8237.66	73	0.4625	290	0
G409R	21	A_B	FBXO7-PINK1	-2902.8048	-118.3901	6956.66	81	0.4615	253	0
G409R	21	A_C	FBXO7-PSMF1	-2902.8048	-165.7042	8294.86	81	0.4471	291	0
G409R	22	A_B	FBXO7-PINK1	-2902.5014	-114.0277	7002.71	75	0.5134	251	0
G409R	22	A_C	FBXO7-PSMF1	-2902.5014	-168.8113	8234.49	72	0.4411	292	0
G409R	23	A_B	FBXO7-PINK1	-2896.5457	-114.8655	7089.45	65	0.4579	250	0
G409R	23	A_C	FBXO7-PSMF1	-2896.5457	-164.433	8304.75	70	0.4235	289	0
G409R	24	A_B	FBXO7-PINK1	-2898.7086	-114.3542	7025.44	74	0.4606	253	0
G409R	24	A_C	FBXO7-PSMF1	-2898.7086	-168.3016	8340.65	66	0.4723	289	0
Q119R	0	A_B	FBXO7-PINK1	-2864.0824	-107.771	7349.15	60	0.4231	258	0
Q119R	0	A_C	FBXO7-PSMF1	-2864.0824	-174.5002	8353.38	81	0.4525	286	0
Q119R	1	A_B	FBXO7-PINK1	-2865.2336	-108.3293	7282.58	73	0.4302	260	0
Q119R	1	A_C	FBXO7-PSMF1	-2865.2336	-178.9841	8494.5	85	0.468	289	0
Q119R	2	A_B	FBXO7-PINK1	-2869.8632	-101.5508	7072.89	55	0.4344	257	0
Q119R	2	A_C	FBXO7-PSMF1	-2869.8632	-178.9753	8247.73	70	0.4635	287	0
Q119R	3	A_B	FBXO7-PINK1	-2861.0413	-107.2578	7294.95	65	0.4355	261	0
Q119R	3	A_C	FBXO7-PSMF1	-2861.0413	-173.2843	8335.07	73	0.4612	288	0
Q119R	4	A_B	FBXO7-PINK1	-2866.2887	-106.7855	7218.09	60	0.4156	258	0
Q119R	4	A_C	FBXO7-PSMF1	-2866.2887	-179.7209	8387.5	68	0.4172	288	0
Q119R	5	A_B	FBXO7-PINK1	-2874.8902	-107.9868	7266.43	63	0.4128	258	0
Q119R	5	A_C	FBXO7-PSMF1	-2874.8902	-180.3787	8428.19	73	0.4603	288	0
Q119R	6	A_B	FBXO7-PINK1	-2852.4268	-103.8717	7054.69	67	0.4457	260	0
Q119R	6	A_C	FBXO7-PSMF1	-2852.4268	-174.0795	8348.8	74	0.4512	288	0
Q119R	7	A_B	FBXO7-PINK1	-2862.027	-106.4985	7189.09	60	0.4102	257	0
Q119R	7	A_C	FBXO7-PSMF1	-2862.027	-169.9983	8286.15	74	0.4834	288	0
Q119R	8	A_B	FBXO7-PINK1	-2888.7174	-106.5046	7244.61	61	0.4499	256	0
Q119R	8	A_C	FBXO7-PSMF1	-2888.7174	-179.0702	8315.85	81	0.4432	288	0
Q119R	9	A_B	FBXO7-PINK1	-2879.4993	-105.1566	7304.33	66	0.4206	258	0
Q119R	9	A_C	FBXO7-PSMF1	-2879.4993	-172.9232	8279.1	70	0.4606	288	0
Q119R	10	A_B	FBXO7-PINK1	-2873.748	-106.922	7279.53	67	0.4455	259	0
Q119R	10	A_C	FBXO7-PSMF1	-2873.748	-178.2554	8355.39	71	0.4793	287	0
Q119R	11	A_B	FBXO7-PINK1	-2872.2346	-102.727	7072.87	60	0.4364	256	0
Q119R	11	A_C	FBXO7-PSMF1	-2872.2346	-179.0439	8327.27	78	0.4251	287	0
Q119R	12	A_B	FBXO7-PINK1	-2876.8819	-107.0571	7249.58	67	0.4163	258	0
Q119R	12	A_C	FBXO7-PSMF1	-2876.8819	-177.6947	8270.8	75	0.4614	290	0
Q119R	13	A_B	FBXO7-PINK1	-2874.6744	-111.0594	7253.76	69	0.449	260	0
Q119R	13	A_C	FBXO7-PSMF1	-2874.6744	-174.3213	8312.85	71	0.4649	289	0
Q119R	14	A_B	FBXO7-PINK1	-2870.5833	-107.022	7263.28	65	0.4072	257	0
Q119R	14	A_C	FBXO7-PSMF1	-2870.5833	-177.1177	8393.9	75	0.481	288	0
Q119R	15	A_B	FBXO7-PINK1	-2874.243	-113.0484	7267.4	62	0.422	258	0
Q119R	15	A_C	FBXO7-PSMF1	-2874.243	-178.5816	8326.4	78	0.4865	287	0
Q119R	16	A_B	FBXO7-PINK1	-2857.7472	-103.7321	7151.73	68	0.4277	257	0
Q119R	16	A_C	FBXO7-PSMF1	-2857.7472	-170.3292	8331.61	77	0.4659	289	0
Q119R	17	A_B	FBXO7-PINK1	-2881.8769	-106.6066	7264.66	66	0.4318	259	0
Q119R	17	A_C	FBXO7-PSMF1	-2881.8769	-175.0836	8349.81	73	0.4407	287	0
Q119R	18	A_B	FBXO7-PINK1	-2864.335	-106.1594	7311.33	65	0.4407	257	0
Q119R	18	A_C	FBXO7-PSMF1	-2864.335	-181.3423	8390.53	75	0.4889	288	0
Q119R	19	A_B	FBXO7-PINK1	-2873.4919	-107.7246	7195.48	53	0.4244	255	0
Q119R	19	A_C	FBXO7-PSMF1	-2873.4919	-173.5195	8283.29	74	0.4431	287	0
Q119R	20	A_B	FBXO7-PINK1	-2861.0699	-103.3365	7141.65	68	0.4065	258	0
Q119R	20	A_C	FBXO7-PSMF1	-2861.0699	-174.2637	8301.17	73	0.4616	287	0
Q119R	21	A_B	FBXO7-PINK1	-2866.7283	-103.2771	7278.06	66	0.4334	258	0
Q119R	21	A_C	FBXO7-PSMF1	-2866.7283	-179.674	8359.43	77	0.4581	288	0
Q119R	22	A_B	FBXO7-PINK1	-2876.922	-108.4573	7142.93	69	0.4431	259	0
Q119R	22	A_C	FBXO7-PSMF1	-2876.922	-179.5676	8294.07	70	0.4867	289	0
Q119R	23	A_B	FBXO7-PINK1	-2869.1062	-106.1756	7215.05	57	0.4062	258	0
Q119R	23	A_C	FBXO7-PSMF1	-2869.1062	-172.8131	8347.53	79	0.4682	288	0
Q119R	24	A_B	FBXO7-PINK1	-2872.2729	-107.4027	7226.36	62	0.4475	257	0
Q119R	24	A_C	FBXO7-PSMF1	-2872.2729	-176.0731	8296.34	66	0.4944	289	0
I151V	0	A_B	FBXO7-PINK1	-2892.9663	-117.8629	7015.8	66	0.5176	255	0
I151V	0	A_C	FBXO7-PSMF1	-2892.9663	-172.1285	8491.35	63	0.4313	291	0
I151V	1	A_B	FBXO7-PINK1	-2877.9023	-115.7114	6869.16	61	0.575	252	0
I151V	1	A_C	FBXO7-PSMF1	-2877.9023	-166.21	8438.3	57	0.4273	295	0
I151V	2	A_B	FBXO7-PINK1	-2886.8459	-122.0179	6886.57	63	0.5589	252	0
I151V	2	A_C	FBXO7-PSMF1	-2886.8459	-162.2507	8353.89	57	0.3965	296	0
I151V	3	A_B	FBXO7-PINK1	-2893.9494	-116.5226	6884.89	61	0.5635	251	0
I151V	3	A_C	FBXO7-PSMF1	-2893.9494	-174.0861	8517.77	77	0.427	293	0
I151V	4	A_B	FBXO7-PINK1	-2889.2583	-116.9177	7032.99	62	0.562	252	0
I151V	4	A_C	FBXO7-PSMF1	-2889.2583	-170.4536	8557.64	61	0.384	292	0
I151V	5	A_B	FBXO7-PINK1	-2889.5035	-119.153	6938.28	61	0.547	250	0
I151V	5	A_C	FBXO7-PSMF1	-2889.5035	-166.931	8381.18	67	0.4455	294	0
I151V	6	A_B	FBXO7-PINK1	-2904.1468	-115.7348	6979.87	63	0.5601	254	0
I151V	6	A_C	FBXO7-PSMF1	-2904.1468	-169.8402	8385.91	72	0.3975	294	0
I151V	7	A_B	FBXO7-PINK1	-2885.9859	-114.2945	6991.23	60	0.5508	255	0
I151V	7	A_C	FBXO7-PSMF1	-2885.9859	-166.3118	8548.24	78	0.4016	292	0
I151V	8	A_B	FBXO7-PINK1	-2900.1058	-113.1678	6854.72	68	0.5438	254	0
I151V	8	A_C	FBXO7-PSMF1	-2900.1058	-168.8329	8484.55	75	0.4017	292	0
I151V	9	A_B	FBXO7-PINK1	-2895.0805	-116.5875	6942.12	67	0.5532	250	0
I151V	9	A_C	FBXO7-PSMF1	-2895.0805	-170.7113	8452.55	64	0.4251	294	0
I151V	10	A_B	FBXO7-PINK1	-2882.1738	-116.404	6908.2	65	0.5143	253	0
I151V	10	A_C	FBXO7-PSMF1	-2882.1738	-165.9708	8471.72	65	0.4152	291	0
I151V	11	A_B	FBXO7-PINK1	-2886.384	-117.0296	6795.62	60	0.5623	251	0
I151V	11	A_C	FBXO7-PSMF1	-2886.384	-173.5875	8517.16	80	0.4049	293	0
I151V	12	A_B	FBXO7-PINK1	-2883.5215	-115.1234	6801.12	54	0.5403	251	0
I151V	12	A_C	FBXO7-PSMF1	-2883.5215	-168.6943	8521.02	69	0.4162	292	0
I151V	13	A_B	FBXO7-PINK1	-2881.1699	-110.7255	6946.68	74	0.5651	252	0
I151V	13	A_C	FBXO7-PSMF1	-2881.1699	-165.6762	8534.9	70	0.4117	291	0
I151V	14	A_B	FBXO7-PINK1	-2891.3007	-118.7745	6865.78	71	0.5427	252	0
I151V	14	A_C	FBXO7-PSMF1	-2891.3007	-168.5122	8439.21	65	0.4188	291	0
I151V	15	A_B	FBXO7-PINK1	-2897.7262	-118.6463	7054.06	53	0.5811	254	0
I151V	15	A_C	FBXO7-PSMF1	-2897.7262	-173.5261	8521.18	78	0.4022	295	0
I151V	16	A_B	FBXO7-PINK1	-2888.8392	-116.3774	6880.7	67	0.5539	253	0
I151V	16	A_C	FBXO7-PSMF1	-2888.8392	-169.0342	8421.49	61	0.4277	297	0
I151V	17	A_B	FBXO7-PINK1	-2898.3352	-114.8112	7018.49	69	0.5347	253	0
I151V	17	A_C	FBXO7-PSMF1	-2898.3352	-170.7179	8494.52	76	0.4097	292	0
I151V	18	A_B	FBXO7-PINK1	-2877.6601	-114.8527	6914.73	68	0.5298	250	0
I151V	18	A_C	FBXO7-PSMF1	-2877.6601	-162.0679	8461.08	56	0.4389	293	0
I151V	19	A_B	FBXO7-PINK1	-2878.5095	-112.301	6898.64	62	0.5201	253	0
I151V	19	A_C	FBXO7-PSMF1	-2878.5095	-168.5363	8480.27	58	0.4025	294	0
I151V	20	A_B	FBXO7-PINK1	-2895.9181	-113.786	6964.21	66	0.5321	253	0
I151V	20	A_C	FBXO7-PSMF1	-2895.9181	-171.3326	8423.91	61	0.4048	295	0
I151V	21	A_B	FBXO7-PINK1	-2888.2459	-119.5009	7015.78	58	0.5609	255	0
I151V	21	A_C	FBXO7-PSMF1	-2888.2459	-162.9623	8325.47	61	0.4485	292	0
I151V	22	A_B	FBXO7-PINK1	-2898.2252	-118.8093	7063.92	61	0.5624	255	0
I151V	22	A_C	FBXO7-PSMF1	-2898.2252	-167.414	8406.21	57	0.3851	295	0
I151V	23	A_B	FBXO7-PINK1	-2900.9374	-118.3922	6909.76	67	0.5725	252	0
I151V	23	A_C	FBXO7-PSMF1	-2900.9374	-167.0498	8362.54	56	0.4132	294	0
I151V	24	A_B	FBXO7-PINK1	-2893.5552	-114.9331	7180.61	66	0.5472	256	0
I151V	24	A_C	FBXO7-PSMF1	-2893.5552	-169.721	8377.1	63	0.4178	293	0
P17Q	0	A_B	FBXO7-PINK1	-2893.4973	-113.3744	7011.42	56	0.4478	250	0
P17Q	0	A_C	FBXO7-PSMF1	-2893.4973	-165.5859	8504.66	80	0.459	302	0
P17Q	1	A_B	FBXO7-PINK1	-2877.3469	-112.8238	7034.65	76	0.4252	252	0
P17Q	1	A_C	FBXO7-PSMF1	-2877.3469	-168.8104	8452.89	85	0.479	302	0
P17Q	2	A_B	FBXO7-PINK1	-2878.0607	-116.064	7110.76	62	0.4449	252	0
P17Q	2	A_C	FBXO7-PSMF1	-2878.0607	-171.4695	8456.27	74	0.463	303	0
P17Q	3	A_B	FBXO7-PINK1	-2872.3744	-110.9624	6876.81	63	0.4659	251	0
P17Q	3	A_C	FBXO7-PSMF1	-2872.3744	-163.6296	8427.87	74	0.4642	299	0
P17Q	4	A_B	FBXO7-PINK1	-2885.3488	-113.3749	7143.69	78	0.4796	251	0
P17Q	4	A_C	FBXO7-PSMF1	-2885.3488	-165.9623	8429.59	74	0.4921	303	0
P17Q	5	A_B	FBXO7-PINK1	-2891.2226	-113.0361	6975.73	72	0.4383	249	0
P17Q	5	A_C	FBXO7-PSMF1	-2891.2226	-164.8014	8563.24	74	0.4867	300	0
P17Q	6	A_B	FBXO7-PINK1	-2893.6837	-115.5781	7064.91	58	0.4424	252	0
P17Q	6	A_C	FBXO7-PSMF1	-2893.6837	-170.1353	8439.38	86	0.4379	303	0
P17Q	7	A_B	FBXO7-PINK1	-2901.3267	-119.7134	7093.41	73	0.4026	250	0
P17Q	7	A_C	FBXO7-PSMF1	-2901.3267	-173.6058	8486.08	81	0.4728	301	0
P17Q	8	A_B	FBXO7-PINK1	-2889.6435	-120.8531	7186.67	73	0.4299	250	0
P17Q	8	A_C	FBXO7-PSMF1	-2889.6435	-170.5372	8560.64	74	0.4641	301	0
P17Q	9	A_B	FBXO7-PINK1	-2879.0249	-123.4632	7106.71	65	0.4378	252	0
P17Q	9	A_C	FBXO7-PSMF1	-2879.0249	-168.7651	8541.95	74	0.4698	300	0
P17Q	10	A_B	FBXO7-PINK1	-2883.2118	-126.076	7259.96	60	0.3974	249	0
P17Q	10	A_C	FBXO7-PSMF1	-2883.2118	-173.4067	8524.4	77	0.47	303	0
P17Q	11	A_B	FBXO7-PINK1	-2903.5968	-115.0482	7128.26	61	0.4188	250	0
P17Q	11	A_C	FBXO7-PSMF1	-2903.5968	-174.8502	8487.11	71	0.4784	300	0
P17Q	12	A_B	FBXO7-PINK1	-2887.1802	-117.5945	7061.45	67	0.4482	251	0
P17Q	12	A_C	FBXO7-PSMF1	-2887.1802	-167.3908	8572.64	88	0.4414	300	0
P17Q	13	A_B	FBXO7-PINK1	-2873.7745	-111.7243	6896.32	66	0.4103	251	0
P17Q	13	A_C	FBXO7-PSMF1	-2873.7745	-164.8862	8473.31	70	0.4768	300	0
P17Q	14	A_B	FBXO7-PINK1	-2886.3438	-112.672	7024.94	69	0.4328	253	0
P17Q	14	A_C	FBXO7-PSMF1	-2886.3438	-169.0749	8472.43	74	0.4476	299	0
P17Q	15	A_B	FBXO7-PINK1	-2893.8662	-117.2077	7165.12	73	0.4149	253	0
P17Q	15	A_C	FBXO7-PSMF1	-2893.8662	-166.1766	8433.68	84	0.4333	301	0
P17Q	16	A_B	FBXO7-PINK1	-2897.9764	-120.8381	7116.29	59	0.4579	253	0
P17Q	16	A_C	FBXO7-PSMF1	-2897.9764	-174.0936	8412.61	77	0.465	299	0
P17Q	17	A_B	FBXO7-PINK1	-2893.3451	-111.79	6985.21	58	0.4518	251	0
P17Q	17	A_C	FBXO7-PSMF1	-2893.3451	-169.6509	8380.44	81	0.4878	299	0
P17Q	18	A_B	FBXO7-PINK1	-2878.2479	-115.3015	7018.14	64	0.4527	251	0
P17Q	18	A_C	FBXO7-PSMF1	-2878.2479	-168.5043	8464.15	71	0.4497	298	0
P17Q	19	A_B	FBXO7-PINK1	-2873.4751	-118.5665	7062.54	63	0.4476	250	0
P17Q	19	A_C	FBXO7-PSMF1	-2873.4751	-163.8804	8495.68	76	0.424	300	0
P17Q	20	A_B	FBXO7-PINK1	-2881.7185	-116.09	7093.01	71	0.4363	251	0
P17Q	20	A_C	FBXO7-PSMF1	-2881.7185	-173.6291	8498.97	83	0.5123	304	0
P17Q	21	A_B	FBXO7-PINK1	-2888.4569	-119.8676	7218.88	81	0.43	253	0
P17Q	21	A_C	FBXO7-PSMF1	-2888.4569	-164.1652	8475.4	74	0.4882	302	0
P17Q	22	A_B	FBXO7-PINK1	-2900.1233	-114.4654	7067.34	64	0.4392	251	0
P17Q	22	A_C	FBXO7-PSMF1	-2900.1233	-172.1456	8431.35	82	0.4832	301	0
P17Q	23	A_B	FBXO7-PINK1	-2894.8082	-115.23	7067.41	66	0.4237	253	0
P17Q	23	A_C	FBXO7-PSMF1	-2894.8082	-168.4154	8442.38	78	0.4823	299	0
P17Q	24	A_B	FBXO7-PINK1	-2877.7769	-109.0754	7070.33	73	0.454	252	0
P17Q	24	A_C	FBXO7-PSMF1	-2877.7769	-168.5272	8575.14	78	0.4867	301	0
MyoMyosites_rerun	0	A_B	FBXO7-PINK1	-2887.0159	-119.5655	7159.77	74	0.413	260	0
MyoMyosites_rerun	0	A_C	FBXO7-PSMF1	-2887.0159	-177.2884	8600.94	74	0.5217	305	0
MyoMyosites_rerun	1	A_B	FBXO7-PINK1	-2871.7645	-120.3194	7329.97	73	0.4135	261	0
MyoMyosites_rerun	1	A_C	FBXO7-PSMF1	-2871.7645	-166.7679	8679.36	73	0.4562	302	0
MyoMyosites_rerun	2	A_B	FBXO7-PINK1	-2886.3423	-115.0712	7228.12	81	0.4221	260	0
MyoMyosites_rerun	2	A_C	FBXO7-PSMF1	-2886.3423	-178.2532	8557.41	72	0.506	304	0
MyoMyosites_rerun	3	A_B	FBXO7-PINK1	-2887.9449	-118.1861	7230.68	81	0.4493	262	0
MyoMyosites_rerun	3	A_C	FBXO7-PSMF1	-2887.9449	-174.3001	8614.36	70	0.443	302	0
MyoMyosites_rerun	4	A_B	FBXO7-PINK1	-2886.299	-117.9335	7241.39	85	0.4348	258	0
MyoMyosites_rerun	4	A_C	FBXO7-PSMF1	-2886.299	-174.0125	8447.21	83	0.5111	302	0
MyoMyosites_rerun	5	A_B	FBXO7-PINK1	-2880.0827	-121.0549	7250.04	77	0.452	259	0
MyoMyosites_rerun	5	A_C	FBXO7-PSMF1	-2880.0827	-177.0473	8508.38	61	0.5152	305	0
MyoMyosites_rerun	6	A_B	FBXO7-PINK1	-2862.0269	-119.8275	7299.61	73	0.3983	259	0
MyoMyosites_rerun	6	A_C	FBXO7-PSMF1	-2862.0269	-165.5934	8635.67	72	0.464	299	0
MyoMyosites_rerun	7	A_B	FBXO7-PINK1	-2876.7464	-113.52	7230.22	75	0.4565	259	0
MyoMyosites_rerun	7	A_C	FBXO7-PSMF1	-2876.7464	-176.7418	8527.52	67	0.5025	305	0
MyoMyosites_rerun	8	A_B	FBXO7-PINK1	-2880.4285	-113.4878	7165.48	81	0.4392	259	0
MyoMyosites_rerun	8	A_C	FBXO7-PSMF1	-2880.4285	-174.2357	8581.15	73	0.4908	303	0
MyoMyosites_rerun	9	A_B	FBXO7-PINK1	-2899.0765	-119.048	7143.45	64	0.3944	257	0
MyoMyosites_rerun	9	A_C	FBXO7-PSMF1	-2899.0765	-178.8434	8651.22	76	0.5189	304	0
MyoMyosites_rerun	10	A_B	FBXO7-PINK1	-2907.3709	-123.2135	7336.07	75	0.4387	261	0
MyoMyosites_rerun	10	A_C	FBXO7-PSMF1	-2907.3709	-184.1334	8594.17	73	0.4927	306	0
MyoMyosites_rerun	11	A_B	FBXO7-PINK1	-2887.3142	-122.3293	7242.05	74	0.4385	259	0
MyoMyosites_rerun	11	A_C	FBXO7-PSMF1	-2887.3142	-179.1604	8559.83	72	0.4801	305	0
MyoMyosites_rerun	12	A_B	FBXO7-PINK1	-2897.2331	-120.2441	7132.7	71	0.4293	261	0
MyoMyosites_rerun	12	A_C	FBXO7-PSMF1	-2897.2331	-178.4741	8629.06	66	0.5011	301	0
MyoMyosites_rerun	13	A_B	FBXO7-PINK1	-2884.8446	-112.8928	7211.24	74	0.4377	259	0
MyoMyosites_rerun	13	A_C	FBXO7-PSMF1	-2884.8446	-171.5536	8680.68	59	0.507	302	0
MyoMyosites_rerun	14	A_B	FBXO7-PINK1	-2891.3275	-125.0265	7251.33	70	0.4451	259	0
MyoMyosites_rerun	14	A_C	FBXO7-PSMF1	-2891.3275	-174.167	8591.58	65	0.5062	302	0
MyoMyosites_rerun	15	A_B	FBXO7-PINK1	-2889.2952	-118.8046	7129.13	65	0.4683	261	0
MyoMyosites_rerun	15	A_C	FBXO7-PSMF1	-2889.2952	-180.6098	8595.59	74	0.5057	303	0
MyoMyosites_rerun	16	A_B	FBXO7-PINK1	-2889.2229	-110.9155	7185.19	80	0.4228	259	0
MyoMyosites_rerun	16	A_C	FBXO7-PSMF1	-2889.2229	-175.8923	8507.99	76	0.5342	304	0
MyoMyosites_rerun	17	A_B	FBXO7-PINK1	-2898.555	-124.8638	7276.0	78	0.4704	259	0
MyoMyosites_rerun	17	A_C	FBXO7-PSMF1	-2898.555	-178.3111	8526.91	74	0.4633	303	0
MyoMyosites_rerun	18	A_B	FBXO7-PINK1	-2879.7072	-120.6876	7252.62	71	0.425	259	0
MyoMyosites_rerun	18	A_C	FBXO7-PSMF1	-2879.7072	-175.7546	8608.3	71	0.4834	304	0
MyoMyosites_rerun	19	A_B	FBXO7-PINK1	-2896.4379	-117.1116	7288.35	78	0.4014	261	0
MyoMyosites_rerun	19	A_C	FBXO7-PSMF1	-2896.4379	-170.9291	8435.17	68	0.5051	302	0
MyoMyosites_rerun	20	A_B	FBXO7-PINK1	-2902.0003	-119.9329	7392.72	76	0.4214	260	0
MyoMyosites_rerun	20	A_C	FBXO7-PSMF1	-2902.0003	-182.0295	8604.87	68	0.5169	307	0
MyoMyosites_rerun	21	A_B	FBXO7-PINK1	-2892.2386	-120.3367	7156.55	77	0.4294	259	0
MyoMyosites_rerun	21	A_C	FBXO7-PSMF1	-2892.2386	-176.9227	8530.41	67	0.4997	304	0
MyoMyosites_rerun	22	A_B	FBXO7-PINK1	-2869.6472	-112.2741	7269.04	72	0.4268	260	0
MyoMyosites_rerun	22	A_C	FBXO7-PSMF1	-2869.6472	-176.7782	8565.19	77	0.4745	305	0
MyoMyosites_rerun	23	A_B	FBXO7-PINK1	-2890.4239	-125.9102	7278.54	78	0.4353	260	0
MyoMyosites_rerun	23	A_C	FBXO7-PSMF1	-2890.4239	-175.5835	8578.87	70	0.5019	304	0
MyoMyosites_rerun	24	A_B	FBXO7-PINK1	-2873.1519	-124.2042	7147.64	73	0.4467	259	0
MyoMyosites_rerun	24	A_C	FBXO7-PSMF1	-2873.1519	-172.0059	8654.36	62	0.4978	302	0
MyoNigsites_rerun	0	A_B	FBXO7-PINK1	-2882.8334	-108.1794	7104.14	77	0.4576	253	0
MyoNigsites_rerun	0	A_C	FBXO7-PSMF1	-2882.8334	-166.1684	8224.14	73	0.4883	293	0
MyoNigsites_rerun	1	A_B	FBXO7-PINK1	-2879.1136	-101.3572	7011.35	81	0.4893	251	0
MyoNigsites_rerun	1	A_C	FBXO7-PSMF1	-2879.1136	-168.5612	8276.51	73	0.4996	294	0
MyoNigsites_rerun	2	A_B	FBXO7-PINK1	-2877.4988	-106.7262	7113.12	73	0.4797	254	0
MyoNigsites_rerun	2	A_C	FBXO7-PSMF1	-2877.4988	-171.4968	8257.23	82	0.4593	294	0
MyoNigsites_rerun	3	A_B	FBXO7-PINK1	-2883.7982	-100.1564	6941.77	80	0.455	255	0
MyoNigsites_rerun	3	A_C	FBXO7-PSMF1	-2883.7982	-168.9911	8190.22	70	0.4784	296	0
MyoNigsites_rerun	4	A_B	FBXO7-PINK1	-2896.2569	-108.1232	6963.06	72	0.4287	254	0
MyoNigsites_rerun	4	A_C	FBXO7-PSMF1	-2896.2569	-168.2258	8278.26	68	0.465	292	0
MyoNigsites_rerun	5	A_B	FBXO7-PINK1	-2882.1306	-107.3445	7070.72	64	0.497	253	0
MyoNigsites_rerun	5	A_C	FBXO7-PSMF1	-2882.1306	-167.0535	8374.32	71	0.4993	293	0
MyoNigsites_rerun	6	A_B	FBXO7-PINK1	-2868.3285	-103.0851	7003.29	75	0.4515	254	0
MyoNigsites_rerun	6	A_C	FBXO7-PSMF1	-2868.3285	-165.5096	8383.52	67	0.4533	291	0
MyoNigsites_rerun	7	A_B	FBXO7-PINK1	-2882.171	-100.6252	7068.36	87	0.4357	253	0
MyoNigsites_rerun	7	A_C	FBXO7-PSMF1	-2882.171	-167.731	8211.49	73	0.4652	294	0
MyoNigsites_rerun	8	A_B	FBXO7-PINK1	-2877.8677	-100.4381	6981.6	79	0.4644	253	0
MyoNigsites_rerun	8	A_C	FBXO7-PSMF1	-2877.8677	-168.1389	8289.05	65	0.4705	291	0
MyoNigsites_rerun	9	A_B	FBXO7-PINK1	-2884.3064	-110.9852	6947.54	75	0.472	254	0
MyoNigsites_rerun	9	A_C	FBXO7-PSMF1	-2884.3064	-171.0538	8193.51	73	0.4598	291	0
MyoNigsites_rerun	10	A_B	FBXO7-PINK1	-2889.7343	-104.8209	6916.1	75	0.4503	253	0
MyoNigsites_rerun	10	A_C	FBXO7-PSMF1	-2889.7343	-170.9491	8185.49	71	0.5226	291	0
MyoNigsites_rerun	11	A_B	FBXO7-PINK1	-2884.0175	-105.0752	6934.5	71	0.4727	251	0
MyoNigsites_rerun	11	A_C	FBXO7-PSMF1	-2884.0175	-168.0925	8327.5	73	0.4516	295	0
MyoNigsites_rerun	12	A_B	FBXO7-PINK1	-2877.7469	-100.3411	6964.25	83	0.4538	255	0
MyoNigsites_rerun	12	A_C	FBXO7-PSMF1	-2877.7469	-166.1725	8320.71	72	0.4823	295	0
MyoNigsites_rerun	13	A_B	FBXO7-PINK1	-2871.2361	-105.2139	7059.84	83	0.4451	255	0
MyoNigsites_rerun	13	A_C	FBXO7-PSMF1	-2871.2361	-164.0172	8228.21	80	0.4197	295	0
MyoNigsites_rerun	14	A_B	FBXO7-PINK1	-2863.3952	-104.2354	6921.9	75	0.4673	255	0
MyoNigsites_rerun	14	A_C	FBXO7-PSMF1	-2863.3952	-168.2667	8419.12	76	0.471	292	0
MyoNigsites_rerun	15	A_B	FBXO7-PINK1	-2889.9538	-99.1792	6901.22	79	0.4477	254	0
MyoNigsites_rerun	15	A_C	FBXO7-PSMF1	-2889.9538	-168.202	8222.02	65	0.4858	294	0
MyoNigsites_rerun	16	A_B	FBXO7-PINK1	-2871.0773	-96.6262	6922.95	76	0.4362	254	0
MyoNigsites_rerun	16	A_C	FBXO7-PSMF1	-2871.0773	-165.3967	8238.12	70	0.4399	293	0
MyoNigsites_rerun	17	A_B	FBXO7-PINK1	-2889.6341	-98.8808	6940.24	82	0.3821	256	0
MyoNigsites_rerun	17	A_C	FBXO7-PSMF1	-2889.6341	-170.2132	8141.88	74	0.4865	294	0
MyoNigsites_rerun	18	A_B	FBXO7-PINK1	-2882.133	-105.6395	7043.39	86	0.4582	254	0
MyoNigsites_rerun	18	A_C	FBXO7-PSMF1	-2882.133	-166.292	8323.76	80	0.4275	297	0
MyoNigsites_rerun	19	A_B	FBXO7-PINK1	-2881.8448	-103.7919	6975.26	82	0.4898	256	0
MyoNigsites_rerun	19	A_C	FBXO7-PSMF1	-2881.8448	-168.5979	8217.32	73	0.4517	293	0
MyoNigsites_rerun	20	A_B	FBXO7-PINK1	-2890.4837	-98.4275	7008.69	81	0.4415	254	0
MyoNigsites_rerun	20	A_C	FBXO7-PSMF1	-2890.4837	-170.3211	8246.85	79	0.4493	293	0
MyoNigsites_rerun	21	A_B	FBXO7-PINK1	-2875.4519	-100.0393	6949.81	85	0.4737	253	0
MyoNigsites_rerun	21	A_C	FBXO7-PSMF1	-2875.4519	-161.8695	8098.73	65	0.4576	294	0
MyoNigsites_rerun	22	A_B	FBXO7-PINK1	-2863.4601	-108.5484	7001.23	77	0.4671	253	0
MyoNigsites_rerun	22	A_C	FBXO7-PSMF1	-2863.4601	-159.2914	8192.57	68	0.4675	290	0
MyoNigsites_rerun	23	A_B	FBXO7-PINK1	-2870.895	-110.4488	7029.55	73	0.4855	255	0
MyoNigsites_rerun	23	A_C	FBXO7-PSMF1	-2870.895	-165.0685	8342.93	64	0.4714	292	0
MyoNigsites_rerun	24	A_B	FBXO7-PINK1	-2867.3619	-99.9325	6953.44	87	0.438	252	0
MyoNigsites_rerun	24	A_C	FBXO7-PSMF1	-2867.3619	-164.8909	8246.85	67	0.4553	295	0
DipEcasites_rerun	0	A_B	FBXO7-PINK1	-2896.4427	-113.7854	6894.86	64	0.3983	254	0
DipEcasites_rerun	0	A_C	FBXO7-PSMF1	-2896.4427	-176.057	8578.27	69	0.4595	296	0
DipEcasites_rerun	1	A_B	FBXO7-PINK1	-2885.474	-115.9792	7228.13	81	0.3715	255	0
DipEcasites_rerun	1	A_C	FBXO7-PSMF1	-2885.474	-179.3922	8564.96	68	0.447	296	0
DipEcasites_rerun	2	A_B	FBXO7-PINK1	-2876.1388	-121.8544	7143.36	78	0.4056	255	0
DipEcasites_rerun	2	A_C	FBXO7-PSMF1	-2876.1388	-179.2798	8576.37	69	0.4316	295	0
DipEcasites_rerun	3	A_B	FBXO7-PINK1	-2890.927	-116.4598	7076.66	77	0.4297	256	0
DipEcasites_rerun	3	A_C	FBXO7-PSMF1	-2890.927	-177.7706	8526.31	60	0.4777	295	0
DipEcasites_rerun	4	A_B	FBXO7-PINK1	-2884.8579	-115.9692	7138.21	85	0.4221	253	0
DipEcasites_rerun	4	A_C	FBXO7-PSMF1	-2884.8579	-178.5016	8632.92	72	0.4414	297	0
DipEcasites_rerun	5	A_B	FBXO7-PINK1	-2879.7433	-117.299	7092.17	74	0.4071	254	0
DipEcasites_rerun	5	A_C	FBXO7-PSMF1	-2879.7433	-179.6921	8540.45	60	0.4792	295	0
DipEcasites_rerun	6	A_B	FBXO7-PINK1	-2884.4078	-118.1421	6927.69	69	0.3958	254	0
DipEcasites_rerun	6	A_C	FBXO7-PSMF1	-2884.4078	-180.0694	8631.75	65	0.4875	295	0
DipEcasites_rerun	7	A_B	FBXO7-PINK1	-2883.2827	-115.3367	7241.92	80	0.4275	253	0
DipEcasites_rerun	7	A_C	FBXO7-PSMF1	-2883.2827	-172.5421	8479.94	72	0.4526	296	0
DipEcasites_rerun	8	A_B	FBXO7-PINK1	-2889.8636	-116.7518	7045.63	77	0.4177	256	0
DipEcasites_rerun	8	A_C	FBXO7-PSMF1	-2889.8636	-177.2544	8544.71	72	0.4229	297	0
DipEcasites_rerun	9	A_B	FBXO7-PINK1	-2883.5703	-115.0599	6935.63	65	0.4392	255	0
DipEcasites_rerun	9	A_C	FBXO7-PSMF1	-2883.5703	-175.4823	8576.96	78	0.466	297	0
DipEcasites_rerun	10	A_B	FBXO7-PINK1	-2896.2638	-119.9077	7111.5	82	0.4005	255	0
DipEcasites_rerun	10	A_C	FBXO7-PSMF1	-2896.2638	-178.6799	8527.97	71	0.4665	297	0
DipEcasites_rerun	11	A_B	FBXO7-PINK1	-2887.7236	-116.8964	7077.63	74	0.4334	254	0
DipEcasites_rerun	11	A_C	FBXO7-PSMF1	-2887.7236	-177.6547	8583.23	70	0.4461	296	0
DipEcasites_rerun	12	A_B	FBXO7-PINK1	-2875.3777	-116.9056	7078.71	74	0.387	255	0
DipEcasites_rerun	12	A_C	FBXO7-PSMF1	-2875.3777	-175.7321	8564.11	70	0.4904	297	0
DipEcasites_rerun	13	A_B	FBXO7-PINK1	-2890.2174	-118.531	7166.4	75	0.3934	255	0
DipEcasites_rerun	13	A_C	FBXO7-PSMF1	-2890.2174	-175.8841	8579.73	69	0.4167	295	0
DipEcasites_rerun	14	A_B	FBXO7-PINK1	-2886.2951	-119.388	7081.87	78	0.4004	258	0
DipEcasites_rerun	14	A_C	FBXO7-PSMF1	-2886.2951	-168.9662	8529.68	74	0.4657	296	0
DipEcasites_rerun	15	A_B	FBXO7-PINK1	-2885.3175	-118.2381	7113.67	76	0.3989	257	0
DipEcasites_rerun	15	A_C	FBXO7-PSMF1	-2885.3175	-173.7551	8562.8	68	0.4463	296	0
DipEcasites_rerun	16	A_B	FBXO7-PINK1	-2888.965	-116.5036	7296.87	77	0.4039	254	0
DipEcasites_rerun	16	A_C	FBXO7-PSMF1	-2888.965	-175.5899	8612.1	77	0.4602	297	0
DipEcasites_rerun	17	A_B	FBXO7-PINK1	-2881.7401	-116.3925	7247.74	77	0.397	254	0
DipEcasites_rerun	17	A_C	FBXO7-PSMF1	-2881.7401	-175.3334	8603.16	62	0.4815	296	0
DipEcasites_rerun	18	A_B	FBXO7-PINK1	-2891.5496	-121.1141	7121.97	78	0.4193	256	0
DipEcasites_rerun	18	A_C	FBXO7-PSMF1	-2891.5496	-181.4943	8652.25	61	0.4618	296	0
DipEcasites_rerun	19	A_B	FBXO7-PINK1	-2874.1748	-117.5861	7158.95	72	0.3922	257	0
DipEcasites_rerun	19	A_C	FBXO7-PSMF1	-2874.1748	-170.4105	8493.76	77	0.4511	297	0
DipEcasites_rerun	20	A_B	FBXO7-PINK1	-2882.4462	-122.6543	7257.19	71	0.4115	256	0
DipEcasites_rerun	20	A_C	FBXO7-PSMF1	-2882.4462	-178.982	8607.97	69	0.4383	297	0
DipEcasites_rerun	21	A_B	FBXO7-PINK1	-2881.9148	-114.13	6985.32	66	0.4135	253	0
DipEcasites_rerun	21	A_C	FBXO7-PSMF1	-2881.9148	-174.0346	8592.45	77	0.4427	297	0
DipEcasites_rerun	22	A_B	FBXO7-PINK1	-2885.9945	-119.9804	7183.62	76	0.3969	256	0
DipEcasites_rerun	22	A_C	FBXO7-PSMF1	-2885.9945	-175.0503	8470.57	75	0.4343	296	0
DipEcasites_rerun	23	A_B	FBXO7-PINK1	-2887.171	-117.4463	7210.28	84	0.4022	253	0
DipEcasites_rerun	23	A_C	FBXO7-PSMF1	-2887.171	-176.6139	8561.04	75	0.4634	296	0
DipEcasites_rerun	24	A_B	FBXO7-PINK1	-2886.8713	-117.1352	7003.98	73	0.3801	256	0
DipEcasites_rerun	24	A_C	FBXO7-PSMF1	-2886.8713	-183.891	8561.82	60	0.4754	296	0
DesRotsites_rerun	0	A_B	FBXO7-PINK1	-2884.6358	-107.5084	7153.76	80	0.4324	251	0
DesRotsites_rerun	0	A_C	FBXO7-PSMF1	-2884.6358	-167.5298	8287.77	65	0.4594	288	0
DesRotsites_rerun	1	A_B	FBXO7-PINK1	-2888.7021	-112.3021	7143.63	88	0.4877	251	0
DesRotsites_rerun	1	A_C	FBXO7-PSMF1	-2888.7021	-162.7388	8323.86	68	0.4321	287	0
DesRotsites_rerun	2	A_B	FBXO7-PINK1	-2885.5632	-104.9723	6993.67	84	0.4518	252	0
DesRotsites_rerun	2	A_C	FBXO7-PSMF1	-2885.5632	-170.8151	8423.32	84	0.4045	289	0
DesRotsites_rerun	3	A_B	FBXO7-PINK1	-2881.8313	-107.7667	7156.42	85	0.4577	250	0
DesRotsites_rerun	3	A_C	FBXO7-PSMF1	-2881.8313	-168.4165	8375.19	76	0.4327	288	0
DesRotsites_rerun	4	A_B	FBXO7-PINK1	-2891.5104	-110.9699	7126.39	82	0.435	250	0
DesRotsites_rerun	4	A_C	FBXO7-PSMF1	-2891.5104	-167.9187	8263.63	72	0.4399	290	0
DesRotsites_rerun	5	A_B	FBXO7-PINK1	-2888.8516	-108.6957	7199.19	87	0.4566	250	0
DesRotsites_rerun	5	A_C	FBXO7-PSMF1	-2888.8516	-164.3105	8320.86	84	0.4404	286	0
DesRotsites_rerun	6	A_B	FBXO7-PINK1	-2873.7696	-107.7157	7081.68	89	0.4409	250	0
DesRotsites_rerun	6	A_C	FBXO7-PSMF1	-2873.7696	-164.8666	8272.87	78	0.4697	289	0
DesRotsites_rerun	7	A_B	FBXO7-PINK1	-2885.9991	-107.6108	7086.24	89	0.4543	250	0
DesRotsites_rerun	7	A_C	FBXO7-PSMF1	-2885.9991	-169.9618	8409.89	78	0.4516	284	0
DesRotsites_rerun	8	A_B	FBXO7-PINK1	-2894.8909	-107.3415	7110.11	82	0.49	250	0
DesRotsites_rerun	8	A_C	FBXO7-PSMF1	-2894.8909	-172.8243	8359.8	80	0.4116	288	0
DesRotsites_rerun	9	A_B	FBXO7-PINK1	-2890.3965	-112.0896	7065.95	86	0.4848	251	0
DesRotsites_rerun	9	A_C	FBXO7-PSMF1	-2890.3965	-168.9769	8247.36	73	0.4462	290	0
DesRotsites_rerun	10	A_B	FBXO7-PINK1	-2884.3591	-105.472	7140.45	80	0.4383	251	0
DesRotsites_rerun	10	A_C	FBXO7-PSMF1	-2884.3591	-169.419	8301.27	80	0.4654	291	0
DesRotsites_rerun	11	A_B	FBXO7-PINK1	-2890.9482	-110.9757	7079.21	86	0.4791	249	0
DesRotsites_rerun	11	A_C	FBXO7-PSMF1	-2890.9482	-163.5161	8278.95	58	0.4511	289	0
DesRotsites_rerun	12	A_B	FBXO7-PINK1	-2903.9167	-115.7057	7083.04	64	0.4848	250	0
DesRotsites_rerun	12	A_C	FBXO7-PSMF1	-2903.9167	-169.0574	8318.12	75	0.4652	291	0
DesRotsites_rerun	13	A_B	FBXO7-PINK1	-2889.9639	-106.605	7234.65	80	0.4529	250	0
DesRotsites_rerun	13	A_C	FBXO7-PSMF1	-2889.9639	-169.0322	8281.8	59	0.4332	288	0
DesRotsites_rerun	14	A_B	FBXO7-PINK1	-2877.8999	-108.1453	7059.84	74	0.4751	250	0
DesRotsites_rerun	14	A_C	FBXO7-PSMF1	-2877.8999	-157.5465	8299.42	74	0.4044	287	0
DesRotsites_rerun	15	A_B	FBXO7-PINK1	-2861.6921	-110.371	7117.41	81	0.4301	251	0
DesRotsites_rerun	15	A_C	FBXO7-PSMF1	-2861.6921	-165.5027	8303.32	63	0.4352	285	0
DesRotsites_rerun	16	A_B	FBXO7-PINK1	-2880.0458	-104.2783	7084.89	84	0.4639	251	0
DesRotsites_rerun	16	A_C	FBXO7-PSMF1	-2880.0458	-163.9435	8281.3	76	0.4536	288	0
DesRotsites_rerun	17	A_B	FBXO7-PINK1	-2889.4797	-109.0018	7089.7	87	0.4705	251	0
DesRotsites_rerun	17	A_C	FBXO7-PSMF1	-2889.4797	-164.7804	8306.52	72	0.4394	287	0
DesRotsites_rerun	18	A_B	FBXO7-PINK1	-2872.9926	-108.7961	7136.57	88	0.4601	251	0
DesRotsites_rerun	18	A_C	FBXO7-PSMF1	-2872.9926	-174.2525	8353.95	80	0.4135	291	0
DesRotsites_rerun	19	A_B	FBXO7-PINK1	-2885.2973	-108.2997	7251.76	84	0.406	250	0
DesRotsites_rerun	19	A_C	FBXO7-PSMF1	-2885.2973	-166.0058	8373.72	78	0.453	289	0
DesRotsites_rerun	20	A_B	FBXO7-PINK1	-2885.9445	-108.2181	7101.72	90	0.4621	250	0
DesRotsites_rerun	20	A_C	FBXO7-PSMF1	-2885.9445	-167.2942	8346.22	71	0.4125	286	0
DesRotsites_rerun	21	A_B	FBXO7-PINK1	-2885.5261	-108.1836	7093.85	73	0.4741	251	0
DesRotsites_rerun	21	A_C	FBXO7-PSMF1	-2885.5261	-166.8927	8290.51	71	0.414	287	0
DesRotsites_rerun	22	A_B	FBXO7-PINK1	-2899.1827	-117.9668	7069.92	81	0.4814	250	0
DesRotsites_rerun	22	A_C	FBXO7-PSMF1	-2899.1827	-166.5763	8252.94	65	0.4273	286	0
DesRotsites_rerun	23	A_B	FBXO7-PINK1	-2890.5752	-109.6607	7078.24	78	0.4846	249	0
DesRotsites_rerun	23	A_C	FBXO7-PSMF1	-2890.5752	-167.2764	8305.23	79	0.454	289	0
DesRotsites_rerun	24	A_B	FBXO7-PINK1	-2886.1235	-106.7906	7206.93	77	0.4658	251	0
DesRotsites_rerun	24	A_C	FBXO7-PSMF1	-2886.1235	-165.9659	8285.73	77	0.4038	290	0
