Variant,FBXO7 region,Interface,n decoys,ddG median (REU),95% CI low,95% CI high,ddG mean (REU),SD across decoys,Mann-Whitney p,BH-adjusted p,Call (noise floor 2.0 REU)
P17Q,Ubl/Parkin-binding (1–88),FBXO7-PINK1,25,-6.5906,-8.8878,-3.9177,-7.0411,4.0881,0.0,0.0,stabilizing
P17Q,Ubl/Parkin-binding (1–88),FBXO7-PSMF1,25,4.2075,1.8185,6.4545,3.5691,3.4599,0.0006,0.0008,destabilizing
T19E,Ubl/Parkin-binding (1–88),FBXO7-PINK1,25,-7.9417,-9.773,-4.3997,-7.4037,3.1015,0.0,0.0,stabilizing
T19E,Ubl/Parkin-binding (1–88),FBXO7-PSMF1,25,-0.0601,-2.3617,2.4065,-0.2271,4.1925,0.8538,0.8746,ns
T47A,Ubl/Parkin-binding (1–88),FBXO7-PINK1,25,-10.2306,-11.7628,-7.7972,-9.8925,3.9891,0.0,0.0,stabilizing
T47A,Ubl/Parkin-binding (1–88),FBXO7-PSMF1,25,0.6358,-3.0068,3.7352,0.1695,4.2841,0.892,0.892,ns
T47E,Ubl/Parkin-binding (1–88),FBXO7-PINK1,25,-7.2543,-9.182,-4.8557,-6.8391,2.5702,0.0,0.0,stabilizing
T47E,Ubl/Parkin-binding (1–88),FBXO7-PSMF1,25,6.269,2.3953,10.1727,6.2573,4.5382,0.0,0.0,destabilizing
A64T,Ubl/Parkin-binding (1–88),FBXO7-PINK1,25,-6.4579,-8.7225,-3.627,-5.8169,3.5811,0.0,0.0,stabilizing
A64T,Ubl/Parkin-binding (1–88),FBXO7-PSMF1,25,-4.4845,-7.5298,-2.475,-5.645,3.6496,0.0,0.0,stabilizing
S109P,PINK1-binding (92–129),FBXO7-PINK1,25,-11.2053,-12.7557,-8.8576,-11.1333,1.777,0.0,0.0,stabilizing
S109P,PINK1-binding (92–129),FBXO7-PSMF1,25,-0.4252,-3.2422,1.6249,-1.2617,3.1071,0.2523,0.2789,ns
S110H,PINK1-binding (92–129),FBXO7-PINK1,25,-9.0675,-10.738,-6.5747,-8.8793,3.131,0.0,0.0,stabilizing
S110H,PINK1-binding (92–129),FBXO7-PSMF1,25,-6.1562,-7.9121,-3.7015,-5.9212,3.3808,0.0,0.0,stabilizing
S110C,PINK1-binding (92–129),FBXO7-PINK1,25,6.8168,3.7266,9.262,5.441,3.6036,0.0,0.0,destabilizing
S110C,PINK1-binding (92–129),FBXO7-PSMF1,25,4.4997,2.5922,6.0549,4.2731,2.7303,0.0,0.0,destabilizing
Q119R,PINK1-binding (92–129),FBXO7-PINK1,25,1.9254,0.7612,4.0475,2.4937,2.5342,0.0032,0.0038,ns
Q119R,PINK1-binding (92–129),FBXO7-PSMF1,25,-4.1451,-6.8241,-0.6259,-3.9308,3.2299,0.0003,0.0004,stabilizing
Q127E,PINK1-binding (92–129),FBXO7-PINK1,25,-16.2723,-18.0004,-13.5838,-15.1894,3.2325,0.0,0.0,stabilizing
Q127E,PINK1-binding (92–129),FBXO7-PSMF1,25,4.5739,2.1121,7.5146,4.298,3.8146,0.0002,0.0003,destabilizing
F146V,CDK6-binding (129–169),FBXO7-PINK1,25,-5.9489,-8.7597,-1.3719,-5.3602,4.6557,0.0001,0.0001,stabilizing
F146V,CDK6-binding (129–169),FBXO7-PSMF1,25,2.4089,-0.2988,4.5722,1.9734,3.3481,0.0379,0.043,ns
I151V,CDK6-binding (129–169),FBXO7-PINK1,25,-7.6931,-9.2113,-5.0971,-7.347,2.5191,0.0,0.0,stabilizing
I151V,CDK6-binding (129–169),FBXO7-PSMF1,25,4.2783,2.166,6.6456,3.9507,3.3048,0.0001,0.0002,destabilizing
D191G,PSMF1-binding (180–324),FBXO7-PINK1,25,-3.1733,-5.8561,0.9553,-3.2767,3.8966,0.0038,0.0045,ns
D191G,PSMF1-binding (180–324),FBXO7-PSMF1,25,3.5726,1.7749,5.8643,3.1995,4.0449,0.0016,0.0019,destabilizing
L290P,PSMF1-binding (180–324),FBXO7-PINK1,25,-7.6426,-9.2199,-5.3865,-7.5156,2.0763,0.0,0.0,stabilizing
L290P,PSMF1-binding (180–324),FBXO7-PSMF1,25,5.7645,3.0365,8.1309,5.0552,3.1386,0.0,0.0,destabilizing
E292R,PSMF1-binding (180–324),FBXO7-PINK1,25,-7.3919,-8.9433,-2.3433,-5.9692,3.3095,0.0,0.0,stabilizing
E292R,PSMF1-binding (180–324),FBXO7-PSMF1,25,-1.6969,-3.456,2.0777,-0.6714,4.5623,0.313,0.3371,ns
G409I,CDK6-binding (381–522),FBXO7-PINK1,25,-10.2345,-12.0089,-7.0499,-9.9589,3.1393,0.0,0.0,stabilizing
G409I,CDK6-binding (381–522),FBXO7-PSMF1,25,6.8142,3.0831,10.3539,6.2248,4.4175,0.0,0.0,destabilizing
G409R,CDK6-binding (381–522),FBXO7-PINK1,25,-7.0046,-9.1584,-4.3508,-7.5081,3.83,0.0,0.0,stabilizing
G409R,CDK6-binding (381–522),FBXO7-PSMF1,25,5.198,3.6143,7.9912,5.3611,1.9956,0.0,0.0,destabilizing
Myotis myotis site-set,Species site-set,FBXO7-PINK1,25,-11.1166,-12.5011,-8.188,-10.08,4.1704,0.0,0.0,stabilizing
Myotis myotis site-set,Species site-set,FBXO7-PSMF1,25,-3.7692,-5.3689,-0.7749,-3.3625,4.2368,0.0011,0.0014,stabilizing
Myotis nigricans site-set,Species site-set,FBXO7-PINK1,25,4.919,2.8688,9.7463,5.4616,4.0407,0.0,0.0,destabilizing
Myotis nigricans site-set,Species site-set,FBXO7-PSMF1,25,4.8801,3.5545,7.5533,5.2302,2.8751,0.0,0.0,destabilizing
Desmodus rotundus site-set,Species site-set,FBXO7-PINK1,25,0.4928,-1.1524,2.5793,-0.0272,3.0971,0.698,0.7329,ns
Desmodus rotundus site-set,Species site-set,FBXO7-PSMF1,25,5.6962,3.6992,7.8794,5.4362,3.4246,0.0,0.0,destabilizing
Diphylla ecaudata site-set,Species site-set,FBXO7-PINK1,25,-8.4243,-9.8201,-6.2455,-8.5874,2.247,0.0,0.0,stabilizing
Diphylla ecaudata site-set,Species site-set,FBXO7-PSMF1,25,-3.6413,-6.3393,-1.7446,-4.2715,3.3253,0.0,0.0,stabilizing
