entrez	symbol	log2fc	padj
338382	RAB7B	-7.081182416	2.78e-57
285973	ATG9B	-4.964703775	1.37e-70
23786	BCL2L13	-1.793217085	NA
22808	MRAS	-1.666723067	NA
10075	HUWE1	-1.485499176	NA
9958	USP15	-1.323371206	NA
9804	TOMM20	-1.265401951	NA
64786	TBC1D15	-1.204666632	NA
29110	TBK1	-1.172407692	NA
25793	FBXO7	-0.990683689	NA
6667	SP1	-0.976410967	NA
9868	TOMM70	-0.971890571	NA
25820	ARIH1	-0.965121934	NA
3725	JUN	-0.904688502	NA
10452	TOMM40	-0.86996007	NA
1869	E2F1	-0.86126091	NA
54708	MARCHF5	-0.770934399	NA
4976	OPA1	-0.752190454	NA
25813	SAMM50	-0.685170504	NA
1459	CSNK2A2	-0.644041539	NA
57154	SMURF1	-0.571030509	NA
23636	NUP62	-0.509459642	NA
5601	MAPK9	-0.399922691	NA
139341	FUNDC1	-0.289041467	NA
7311	UBA52	-0.283253184	NA
3845	KRAS	-0.247894521	NA
6233	RPS27A	-0.200979498	NA
5599	MAPK8	-0.1731683	NA
192111	PGAM5	-0.130566595	NA
22800	RRAS2	-0.128214294	NA
9474	ATG5	-0.107237014	NA
79735	TBC1D17	-0.098918998	NA
3265	HRAS	0.019760707	NA
89941	RHOT2	0.1038217	NA
8887	TAX1BP1	0.172363757	NA
9101	USP8	0.196919295	NA
8878	SQSTM1	0.241010593	NA
9927	MFN2	0.254372575	NA
4893	NRAS	0.307142219	NA
7186	TRAF2	0.342396011	NA
598	BCL2L1	0.365512029	NA
6477	SIAH1	0.369443886	NA
84749	USP30	0.376561774	NA
7314	UBB	0.391820308	NA
2309	FOXO3	0.425845375	NA
7879	RAB7A	0.43750784	NA
11331	PHB2	0.458476035	NA
8678	BECN1	0.502856798	NA
55626	AMBRA1	0.590532339	NA
1457	CSNK2A1	0.605849188	NA
55669	MFN1	0.620448031	NA
4077	NBR1	0.670861655	NA
664	BNIP3	0.703871131	NA
5970	RELA	0.772719498	NA
11345	GABARAPL2	0.863859595	NA
267	AMFR	0.878116452	NA
7157	TP53	0.880686862	NA
7942	TFEB	0.902683746	NA
79594	MUL1	0.916372318	NA
51024	FIS1	0.966412055	NA
7030	TFE3	0.968574631	NA
10370	CITED2	1.024465444	NA
3091	HIF1A	1.029181406	NA
468	ATF4	1.066695377	NA
8408	ULK1	1.154016686	NA
79065	ATG9A	1.302788791	NA
23710	GABARAPL1	1.350874938	NA
665	BNIP3L	1.555010995	NA
6237	RRAS	1.637328311	NA
6714	SRC	1.671200718	NA
9451	EIF2AK3	1.8169495	NA
4286	MITF	1.828785629	NA
23770	FKBP8	1.876546325	NA
65018	PINK1	2.216581799	6.57e-18
7316	UBC	2.253841554	1.3e-147
84557	MAP1LC3A	2.341590984	3.27e-24
1460	CSNK2B	3.231686674	8e-173
5071	PRKN	3.821727727	0.014864
4580	MTX1	4.581077993	8.4e-123
10133	OPTN	5.210854435	2.3e-174
79671	NLRX1	10.55913331	2.46e-18
10241	CALCOCO2	13.08345885	8.46e-28
54543	TOMM7	NA	NA
7415	VCP	NA	NA
441925	BECN2	NA	NA
283106	CSNK2A3	NA	NA
11337	GABARAP	NA	NA
