entry_id,kegg_label,label,state,members,n_members,n_measured,n_sig,sig_members,driver_entrez,driver_symbol,node_log2fc,node_padj,hex,x,y,w,h,clamped
153,PINK1,PINK1,significant,65018,1,1,1,PINK1(65018):2.22,65018,PINK1,2.216581799,6.57e-18,#2ab07f,334.0,251.0,46.0,17.0,False
154,PRKN,PRKN,significant,5071,1,1,1,PRKN(5071):3.82,5071,PRKN,3.821727727,0.014864,#63cb5f,490.0,251.0,46.0,17.0,False
156,RPS27A,UBC,significant,6233;7311;7314;7316,4,4,1,UBC(7316):2.25,7316,UBC,2.253841554,1.3e-147,#2cb17e,664.0,251.0,46.0,17.0,False
157,OPTN,OPTN,significant,10133,1,1,1,OPTN(10133):5.21,10133,OPTN,5.210854435,2.3000000000000003e-174,#a5db36,825.0,307.0,46.0,17.0,False
158,TBK1,TBK1,measured_ns,29110,1,1,0,,,,,,#CCCCCC,728.0,255.0,46.0,17.0,False
159,SQSTM1,SQSTM1,measured_ns,8878,1,1,0,,,,,,#CCCCCC,825.0,267.0,46.0,17.0,False
160,CALCOCO2,CALCOCO2,significant,10241,1,1,1,CALCOCO2(10241):13.08,10241,CALCOCO2,13.08345885,8.46e-28,#fde725,825.0,287.0,46.0,17.0,True
161,NBR1,NBR1,measured_ns,4077,1,1,0,,,,,,#CCCCCC,825.0,327.0,46.0,17.0,False
164,TAX1BP1,TAX1BP1,measured_ns,8887,1,1,0,,,,,,#CCCCCC,825.0,247.0,46.0,17.0,False
169,ARIH1,ARIH1,measured_ns,25820,1,1,0,,,,,,#CCCCCC,489.0,223.0,46.0,17.0,False
170,SIAH1,SIAH1,measured_ns,6477,1,1,0,,,,,,#CCCCCC,489.0,203.0,46.0,17.0,False
171,HUWE1,HUWE1,measured_ns,10075,1,1,0,,,,,,#CCCCCC,489.0,183.0,46.0,17.0,False
172,AMFR,AMFR,measured_ns,267,1,1,0,,,,,,#CCCCCC,489.0,143.0,46.0,17.0,False
175,MUL1,MUL1,measured_ns,79594,1,1,0,,,,,,#CCCCCC,489.0,163.0,46.0,17.0,False
176,SMURF1,SMURF1,measured_ns,57154;64750,2,1,0,,,,,,#CCCCCC,489.0,123.0,46.0,17.0,False
177,TRAF2,TRAF2,measured_ns,7186,1,1,0,,,,,,#CCCCCC,489.0,103.0,46.0,17.0,False
178,MARCHF5,MARCHF5,measured_ns,54708,1,1,0,,,,,,#CCCCCC,489.0,83.0,46.0,17.0,False
181,FUNDC1,FUNDC1,measured_ns,139341,1,1,0,,,,,,#CCCCCC,739.0,531.0,46.0,17.0,False
182,BNIP3,BNIP3,measured_ns,664,1,1,0,,,,,,#CCCCCC,739.0,558.0,46.0,17.0,False
183,BNIP3L,BNIP3L,measured_ns,665,1,1,0,,,,,,#CCCCCC,739.0,579.0,46.0,17.0,False
184,BNIP3,BNIP3,measured_ns,664,1,1,0,,,,,,#CCCCCC,439.0,764.0,46.0,17.0,False
189,E2F1,E2F1,measured_ns,1869,1,1,0,,,,,,#CCCCCC,319.0,737.0,46.0,17.0,False
190,TP53,TP53,measured_ns,7157,1,1,0,,,,,,#CCCCCC,319.0,813.0,46.0,17.0,False
191,RRAS2,RRAS2,measured_ns,22800;22808;3265;3845;4893;6237,6,6,0,,,,,,#CCCCCC,234.0,740.0,46.0,17.0,False
193,SP1,SP1,measured_ns,6667,1,1,0,,,,,,#CCCCCC,319.0,790.0,46.0,17.0,False
195,FOXO3,FOXO3,measured_ns,2309,1,1,0,,,,,,#CCCCCC,234.0,850.0,46.0,17.0,False
196,CITED2,CITED2,measured_ns,10370,1,1,0,,,,,,#CCCCCC,319.0,850.0,46.0,17.0,False
198,RELA,RELA,measured_ns,5970,1,1,0,,,,,,#CCCCCC,319.0,711.0,46.0,17.0,False
209,SRC,SRC,measured_ns,6714,1,1,0,,,,,,#CCCCCC,571.0,537.0,46.0,17.0,False
210,ULK1,ULK1,measured_ns,8408,1,1,0,,,,,,#CCCCCC,571.0,575.0,46.0,17.0,False
211,CSNK2A1,CSNK2B,significant,1457;1459;1460;283106,4,3,1,CSNK2B(1460):3.23,1460,CSNK2B,3.231686674,8e-173,#4ac16d,571.0,517.0,46.0,17.0,False
216,PGAM5,PGAM5,measured_ns,192111,1,1,0,,,,,,#CCCCCC,571.0,488.0,46.0,17.0,False
219,BCL2L13,BCL2L13,measured_ns,23786,1,1,0,,,,,,#CCCCCC,739.0,605.0,46.0,17.0,False
220,FKBP8,FKBP8,measured_ns,23770,1,1,0,,,,,,#CCCCCC,739.0,626.0,46.0,17.0,False
221,MUL1,MUL1,measured_ns,79594,1,1,0,,,,,,#CCCCCC,739.0,647.0,46.0,17.0,False
222,SAMM50,SAMM50,measured_ns,25813,1,1,0,,,,,,#CCCCCC,739.0,669.0,46.0,17.0,False
223,NLRX1,NLRX1,significant,79671,1,1,1,NLRX1(79671):10.56,79671,NLRX1,10.55913331,2.46e-18,#fde725,739.0,711.0,46.0,17.0,True
224,PHB2,PHB2,measured_ns,11331,1,1,0,,,,,,#CCCCCC,739.0,690.0,46.0,17.0,False
225,MTX2,MTX1,significant,10651;345778;4580,3,1,1,MTX1(4580):4.58,4580,MTX1,4.581077993,8.400000000000001e-123,#84d44b,739.0,733.0,46.0,17.0,False
227,EIF2AK3,EIF2AK3,measured_ns,9451,1,1,0,,,,,,#CCCCCC,179.0,642.0,46.0,17.0,False
228,EIF2S1,EIF2S1,not_measured,1965,1,0,0,,,,,,#FFFFFF,249.0,642.0,46.0,17.0,False
229,ATF4,ATF4,measured_ns,468,1,1,0,,,,,,#CCCCCC,319.0,642.0,46.0,17.0,False
232,MAPK8,MAPK8,measured_ns,5599;5601;5602,3,2,0,,,,,,#CCCCCC,249.0,674.0,46.0,17.0,False
233,JUN,JUN,measured_ns,3725,1,1,0,,,,,,#CCCCCC,319.0,674.0,46.0,17.0,False
243,FKBP8,FKBP8,measured_ns,23770;55288;55669;89941;9868;9927,6,5,0,,,,,,#CCCCCC,664.0,287.0,46.0,17.0,False
244,MFN2,MFN2,measured_ns,9927,1,1,0,,,,,,#CCCCCC,739.0,417.0,46.0,17.0,False
246,OPA1,OPA1,measured_ns,4976,1,1,0,,,,,,#CCCCCC,739.0,388.0,46.0,17.0,False
248,VCP,VCP,not_measured,7415,1,0,0,,,,,,#FFFFFF,822.0,405.0,46.0,17.0,False
249,USP30,USP30,measured_ns,84749,1,1,0,,,,,,#CCCCCC,705.0,331.0,46.0,17.0,False
250,USP15,USP15,measured_ns,9958,1,1,0,,,,,,#CCCCCC,656.0,331.0,46.0,17.0,False
253,GABARAP,MAP1LC3A,significant,11337;11345;23710;392288;440738;643246;81631;84557,8,3,1,MAP1LC3A(84557):2.34,84557,MAP1LC3A,2.341590984,3.27e-24,#2eb37c,928.0,287.0,46.0,17.0,False
255,GABARAP,MAP1LC3A,significant,11337;11345;23710;392288;440738;643246;81631;84557,8,3,1,MAP1LC3A(84557):2.34,84557,MAP1LC3A,2.341590984,3.27e-24,#2eb37c,928.0,630.0,46.0,17.0,False
257,ATG9B,ATG9B,significant,285973;79065,2,2,1,ATG9B(285973):-4.96,285973,ATG9B,-4.964703775,1.3700000000000001e-70,#481d6f,956.0,818.0,46.0,17.0,False
258,TFEB,TFEB,measured_ns,7942,1,1,0,,,,,,#CCCCCC,319.0,906.0,46.0,17.0,False
259,MITF,MITF,measured_ns,4286,1,1,0,,,,,,#CCCCCC,319.0,885.0,46.0,17.0,False
260,TFE3,TFE3,measured_ns,7030,1,1,0,,,,,,#CCCCCC,319.0,927.0,46.0,17.0,False
264,AMBRA1,AMBRA1,measured_ns,55626,1,1,0,,,,,,#CCCCCC,219.0,287.0,46.0,17.0,False
267,BECN2,BECN2,measured_ns,441925;8678,2,1,0,,,,,,#CCCCCC,391.0,163.0,46.0,17.0,False
268,BCL2L1,BCL2L1,measured_ns,598,1,1,0,,,,,,#CCCCCC,556.0,426.0,46.0,17.0,False
269,HIF1A,HIF1A,measured_ns,3091,1,1,0,,,,,,#CCCCCC,319.0,757.0,46.0,17.0,False
270,BNIP3L,BNIP3L,measured_ns,665,1,1,0,,,,,,#CCCCCC,439.0,785.0,46.0,17.0,False
278,FIS1,FIS1,measured_ns,51024,1,1,0,,,,,,#CCCCCC,685.0,929.0,46.0,17.0,False
280,RAB5A,RAB5A,not_measured,5868;5869;5878,3,0,0,,,,,,#FFFFFF,745.0,824.0,46.0,17.0,False
281,RAB5A,RAB5A,not_measured,5868;5869;5878,3,0,0,,,,,,#FFFFFF,824.0,824.0,46.0,17.0,False
285,RAB7B,RAB7B,significant,338382;7879,2,2,1,RAB7B(338382):-7.08,338382,RAB7B,-7.081182416,2.7800000000000003e-57,#440154,745.0,894.0,46.0,17.0,True
286,RAB7B,RAB7B,significant,338382;7879,2,2,1,RAB7B(338382):-7.08,338382,RAB7B,-7.081182416,2.7800000000000003e-57,#440154,824.0,894.0,46.0,17.0,True
289,RABGEF1,RABGEF1,not_measured,27342,1,0,0,,,,,,#FFFFFF,785.0,784.0,46.0,17.0,False
290,TBC1D15,TBC1D15,measured_ns,64786;79735,2,2,0,,,,,,#CCCCCC,785.0,928.0,46.0,17.0,False
294,MON1B,MON1B,not_measured,22879;84315,2,0,0,,,,,,#FFFFFF,785.0,852.0,46.0,17.0,False
295,CCZ1B,CCZ1B,not_measured,221960;51622,2,0,0,,,,,,#FFFFFF,785.0,869.0,46.0,17.0,False
300,PRKN,PRKN,significant,5071,1,1,1,PRKN(5071):3.82,5071,PRKN,3.821727727,0.014864,#63cb5f,234.0,906.0,46.0,17.0,False
302,PRKN,PRKN,significant,5071,1,1,1,PRKN(5071):3.82,5071,PRKN,3.821727727,0.014864,#63cb5f,439.0,655.0,46.0,17.0,False
313,USP8,USP8,measured_ns,9101,1,1,0,,,,,,#CCCCCC,512.0,319.0,46.0,17.0,False
314,TOMM40,TOMM40,measured_ns,10452;84134,2,1,0,,,,,,#CCCCCC,357.0,279.0,46.0,17.0,False
315,TOMM70,TOMM70,measured_ns,9868,1,1,0,,,,,,#CCCCCC,357.0,296.0,46.0,17.0,False
316,TOMM20L,TOMM20L,measured_ns,387990;9804,2,1,0,,,,,,#CCCCCC,311.0,296.0,46.0,17.0,False
317,107986346,TOMM7,not_measured,107986346;54543,2,0,0,,,,,,#FFFFFF,311.0,279.0,46.0,17.0,False
