entrez,geneSymbol,log2fc,hex,clamped,in_map
10241,CALCOCO2,13.08345885,#fde725,True,True
79671,NLRX1,10.55913331,#fde725,True,True
10133,OPTN,5.210854435,#aadc32,False,True
4580,MTX1,4.581077993,#8bd646,False,True
5071,PRKN,3.821727727,#69cd5b,False,True
1460,CSNK2B,3.231686674,#54c568,False,True
84557,MAP1LC3A,2.341590984,#35b779,False,True
7316,UBC,2.253841554,#34b679,False,True
65018,PINK1,2.216581799,#32b67a,False,True
285973,ATG9B,-4.964703775,#46337f,False,True
338382,RAB7B,-7.081182416,#440154,True,True
